n_in	n_out	nw	h_in	ref	tool_text	rel_diff	json_h_out	json_minus_ref
1	1	1	0.5	0.0	-0	0.0	-0.0	0.0
1	1	1	0.999999999	0.0	-0	0.0	-0.0	0.0
1	1	1	1	0.0	-0	0.0	-0.0	0.0
1	1	1	1e-30	0.0	-0	0.0	-0.0	0.0
1	1	1	1e-300	0.0	-0	0.0	-0.0	0.0
1	1	2	0.5	0.0	-0	0.0	-0.0	0.0
1	1	2	0.999999999	0.0	-0	0.0	-0.0	0.0
1	1	2	1	0.0	-0	0.0	-0.0	0.0
1	1	2	1e-30	0.0	-0	0.0	-0.0	0.0
1	1	2	1e-300	0.0	-0	0.0	-0.0	0.0
1	2	1	0.5	0.0	-0	0.0	-0.0	0.0
1	2	1	0.999999999	0.0	-0	0.0	-0.0	0.0
1	2	1	1	0.0	-0	0.0	-0.0	0.0
1	2	1	1e-30	0.0	-0	0.0	-0.0	0.0
1	2	1	1e-300	0.0	-0	0.0	-0.0	0.0
1	2	2	0.5	0.0	-0	0.0	-0.0	0.0
1	2	2	0.999999999	0.0	-0	0.0	-0.0	0.0
1	2	2	1	0.0	-0	0.0	-0.0	0.0
1	2	2	1e-30	0.0	-0	0.0	-0.0	0.0
1	2	2	1e-300	0.0	-0	0.0	-0.0	0.0
1	2	4	0.5	0.0	-0	0.0	-0.0	0.0
1	2	4	0.999999999	0.0	-0	0.0	-0.0	0.0
1	2	4	1	0.0	-0	0.0	-0.0	0.0
1	2	4	1e-30	0.0	-0	0.0	-0.0	0.0
1	2	4	1e-300	0.0	-0	0.0	-0.0	0.0
1	64	1	0.5	0.0	-0	0.0	-0.0	0.0
1	64	1	0.999999999	0.0	-0	0.0	-0.0	0.0
1	64	1	1	0.0	-0	0.0	-0.0	0.0
1	64	1	1e-30	0.0	-0	0.0	-0.0	0.0
1	64	1	1e-300	0.0	-0	0.0	-0.0	0.0
1	64	64	0.5	0.0	-0	0.0	-0.0	0.0
1	64	64	0.999999999	0.0	-0	0.0	-0.0	0.0
1	64	64	1	0.0	-0	0.0	-0.0	0.0
1	64	64	1e-30	0.0	-0	0.0	-0.0	0.0
1	64	64	1e-300	0.0	-0	0.0	-0.0	0.0
1	64	128	0.5	0.0	-0	0.0	-0.0	0.0
1	64	128	0.999999999	0.0	-0	0.0	-0.0	0.0
1	64	128	1	0.0	-0	0.0	-0.0	0.0
1	64	128	1e-30	0.0	-0	0.0	-0.0	0.0
1	64	128	1e-300	0.0	-0	0.0	-0.0	0.0
1	128	1	0.5	0.0	-0	0.0	-0.0	0.0
1	128	1	0.999999999	0.0	-0	0.0	-0.0	0.0
1	128	1	1	0.0	-0	0.0	-0.0	0.0
1	128	1	1e-30	0.0	-0	0.0	-0.0	0.0
1	128	1	1e-300	0.0	-0	0.0	-0.0	0.0
1	128	128	0.5	0.0	-0	0.0	-0.0	0.0
1	128	128	0.999999999	0.0	-0	0.0	-0.0	0.0
1	128	128	1	0.0	-0	0.0	-0.0	0.0
1	128	128	1e-30	0.0	-0	0.0	-0.0	0.0
1	128	128	1e-300	0.0	-0	0.0	-0.0	0.0
1	128	256	0.5	0.0	-0	0.0	-0.0	0.0
1	128	256	0.999999999	0.0	-0	0.0	-0.0	0.0
1	128	256	1	0.0	-0	0.0	-0.0	0.0
1	128	256	1e-30	0.0	-0	0.0	-0.0	0.0
1	128	256	1e-300	0.0	-0	0.0	-0.0	0.0
1	256	1	0.5	0.0	-0	0.0	-0.0	0.0
1	256	1	0.999999999	0.0	-0	0.0	-0.0	0.0
1	256	1	1	0.0	-0	0.0	-0.0	0.0
1	256	1	1e-30	0.0	-0	0.0	-0.0	0.0
1	256	1	1e-300	0.0	-0	0.0	-0.0	0.0
1	256	256	0.5	0.0	-0	0.0	-0.0	0.0
1	256	256	0.999999999	0.0	-0	0.0	-0.0	0.0
1	256	256	1	0.0	-0	0.0	-0.0	0.0
1	256	256	1e-30	0.0	-0	0.0	-0.0	0.0
1	256	256	1e-300	0.0	-0	0.0	-0.0	0.0
1	256	512	0.5	0.0	-0	0.0	-0.0	0.0
1	256	512	0.999999999	0.0	-0	0.0	-0.0	0.0
1	256	512	1	0.0	-0	0.0	-0.0	0.0
1	256	512	1e-30	0.0	-0	0.0	-0.0	0.0
1	256	512	1e-300	0.0	-0	0.0	-0.0	0.0
2	1	1	0.5	0.1482107052813321553061942	0.1482107052813321553127	4.3895e-20	0.14821070528133215	-5.1434e-18
2	1	1	1	0.2630344058337938335834195	0.2630344058337938335844	3.7276e-21	0.2630344058337938	-5.0658e-17
2	1	1	1.999999999	0.1261438082103040137070027	0.1261438082103040137155	6.7362e-20	0.126143808210304	-2.1106e-17
2	1	1	1e-30	3.333333333333333333333333e-31	3.2008660760068096322e-31	-0.03974	3.2008660760068093e-31	-1.3247e-32
2	1	1	1e-300	0.0	3.333333333333333333285e-301	3.3333e-301	3.333333333333333e-301	3.3333e-301
2	1	1	2	0.1261438078769706802196366	0.1261438078769706802188	-6.6324e-21	0.12614380787697066	-2.0777e-17
2	1	2	0.5	0.1482107052813321553061942	0.1482107052813321553127	4.3895e-20	0.14821070528133215	-5.1434e-18
2	1	2	1	0.2630344058337938335834195	0.2630344058337938335844	3.7276e-21	0.2630344058337938	-5.0658e-17
2	1	2	1.999999999	0.1261438082103040137070027	0.1261438082103040137155	6.7362e-20	0.126143808210304	-2.1106e-17
2	1	2	1e-30	3.333333333333333333333333e-31	3.2008660760068096322e-31	-0.03974	3.2008660760068093e-31	-1.3247e-32
2	1	2	1e-300	0.0	3.333333333333333333285e-301	3.3333e-301	3.333333333333333e-301	3.3333e-301
2	1	2	2	0.1261438078769706802196366	0.1261438078769706802188	-6.6324e-21	0.12614380787697066	-2.0777e-17
2	1	4	0.5	0.1482107052813321553061942	0.1482107052813321553127	4.3895e-20	0.14821070528133215	-5.1434e-18
2	1	4	1	0.2630344058337938335834195	0.2630344058337938335844	3.7276e-21	0.2630344058337938	-5.0658e-17
2	1	4	1.999999999	0.1261438082103040137070027	0.1261438082103040137155	6.7362e-20	0.126143808210304	-2.1106e-17
2	1	4	1e-30	3.333333333333333333333333e-31	3.2008660760068096322e-31	-0.03974	3.2008660760068093e-31	-1.3247e-32
2	1	4	1e-300	0.0	3.333333333333333333285e-301	3.3333e-301	3.333333333333333e-301	3.3333e-301
2	1	4	2	0.1261438078769706802196366	0.1261438078769706802188	-6.6324e-21	0.12614380787697066	-2.0777e-17
2	2	1	0.5	0.1482107052813321553061942	0.1482107052813321553127	4.3895e-20	0.14821070528133215	-5.1434e-18
2	2	1	1	0.2630344058337938335834195	0.2630344058337938335844	3.7276e-21	0.2630344058337938	-5.0658e-17
2	2	1	1.999999999	0.1261438082103040137070027	0.1261438082103040137155	6.7362e-20	0.126143808210304	-2.1106e-17
2	2	1	1e-30	3.333333333333333333333333e-31	3.2008660760068096322e-31	-0.03974	3.2008660760068093e-31	-1.3247e-32
2	2	1	1e-300	0.0	3.333333333333333333285e-301	3.3333e-301	3.333333333333333e-301	3.3333e-301
2	2	1	2	0.1261438078769706802196366	0.1261438078769706802188	-6.6324e-21	0.12614380787697066	-2.0777e-17
2	2	2	0.5	0.3134091975575442088101266	0.3134091975575442088155	1.7145e-20	0.3134091975575442	-3.0845e-18
2	2	2	1	0.5849625007211561814537389	0.584962500721156181474	3.4637e-20	0.5849625007211561	-1.058e-16
2	2	2	1.999999999	0.5858053411710778410548235	0.5858053411710778410554	9.8414e-22	0.5858053411710777	-9.8553e-17
2	2	2	1e-30	6.666666666666666666666667e-31	6.57955804512510868847e-31	-0.013066	6.579558045125108e-31	-8.7109e-33
2	2	2	1e-300	0.0	6.66666666666666666657e-301	6.6667e-301	6.666666666666666e-301	6.6667e-301
2	2	2	2	0.5858053408377445075674574	0.5858053408377445075722	8.0958e-21	0.5858053408377445	-1.4957e-17
2	2	4	0.5	0.3134091975575442088101266	0.3134091975575442088155	1.7145e-20	0.3134091975575442	-3.0845e-18
2	2	4	1	0.5849625007211561814537389	0.584962500721156181474	3.4637e-20	0.5849625007211561	-1.058e-16
2	2	4	1.999999999	0.5858053411710778410548235	0.5858053411710778410554	9.8414e-22	0.5858053411710777	-9.8553e-17
2	2	4	1e-30	6.666666666666666666666667e-31	6.57955804512510868847e-31	-0.013066	6.579558045125108e-31	-8.7109e-33
2	2	4	1e-300	0.0	6.66666666666666666657e-301	6.6667e-301	6.666666666666666e-301	6.6667e-301
2	2	4	2	0.5858053408377445075674574	0.5858053408377445075722	8.0958e-21	0.5858053408377445	-1.4957e-17
2	4	1	0.5	0.1482107052813321553061942	0.1482107052813321553127	4.3895e-20	0.14821070528133215	-5.1434e-18
2	4	1	1	0.2630344058337938335834195	0.2630344058337938335844	3.7276e-21	0.2630344058337938	-5.0658e-17
2	4	1	1.999999999	0.1261438082103040137070027	0.1261438082103040137155	6.7362e-20	0.126143808210304	-2.1106e-17
2	4	1	1e-30	3.333333333333333333333333e-31	3.2008660760068096322e-31	-0.03974	3.2008660760068093e-31	-1.3247e-32
2	4	1	1e-300	0.0	3.333333333333333333285e-301	3.3333e-301	3.333333333333333e-301	3.3333e-301
2	4	1	2	0.1261438078769706802196366	0.1261438078769706802188	-6.6324e-21	0.12614380787697066	-2.0777e-17
2	4	2	0.5	0.3134091975575442088101266	0.3134091975575442088155	1.7145e-20	0.3134091975575442	-3.0845e-18
2	4	2	1	0.5849625007211561814537389	0.584962500721156181474	3.4637e-20	0.5849625007211561	-1.058e-16
2	4	2	1.999999999	0.5858053411710778410548235	0.5858053411710778410554	9.8414e-22	0.5858053411710777	-9.8553e-17
2	4	2	1e-30	6.666666666666666666666667e-31	6.57955804512510868847e-31	-0.013066	6.579558045125108e-31	-8.7109e-33
2	4	2	1e-300	0.0	6.66666666666666666657e-301	6.6667e-301	6.666666666666666e-301	6.6667e-301
2	4	2	2	0.5858053408377445075674574	0.5858053408377445075722	8.0958e-21	0.5858053408377445	-1.4957e-17
2	4	4	0.5	0.3134091975575442088101266	0.3134091975575442088155	1.7145e-20	0.3134091975575442	-3.0845e-18
2	4	4	1	0.5849625007211561814537389	0.584962500721156181474	3.4637e-20	0.5849625007211561	-1.058e-16
2	4	4	1.999999999	0.5858053411710778410548235	0.5858053411710778410554	9.8414e-22	0.5858053411710777	-9.8553e-17
2	4	4	1e-30	6.666666666666666666666667e-31	6.57955804512510868847e-31	-0.013066	6.579558045125108e-31	-8.7109e-33
2	4	4	1e-300	0.0	6.66666666666666666657e-301	6.6667e-301	6.666666666666666e-301	6.6667e-301
2	4	4	2	0.5858053408377445075674574	0.5858053408377445075722	8.0958e-21	0.5858053408377445	-1.4957e-17
2	4	8	0.5	0.3134091975575442088101266	0.3134091975575442088155	1.7145e-20	0.3134091975575442	-3.0845e-18
2	4	8	1	0.5849625007211561814537389	0.584962500721156181474	3.4637e-20	0.5849625007211561	-1.058e-16
2	4	8	1.999999999	0.5858053411710778410548235	0.5858053411710778410554	9.8414e-22	0.5858053411710777	-9.8553e-17
2	4	8	1e-30	6.666666666666666666666667e-31	6.57955804512510868847e-31	-0.013066	6.579558045125108e-31	-8.7109e-33
2	4	8	1e-300	0.0	6.66666666666666666657e-301	6.6667e-301	6.666666666666666e-301	6.6667e-301
2	4	8	2	0.5858053408377445075674574	0.5858053408377445075722	8.0958e-21	0.5858053408377445	-1.4957e-17
2	64	1	0.5	0.1482107052813321553061942	0.1482107052813321553127	4.3895e-20	0.14821070528133215	-5.1434e-18
2	64	1	1	0.2630344058337938335834195	0.2630344058337938335844	3.7276e-21	0.2630344058337938	-5.0658e-17
2	64	1	1.999999999	0.1261438082103040137070027	0.1261438082103040137155	6.7362e-20	0.126143808210304	-2.1106e-17
2	64	1	1e-30	3.333333333333333333333333e-31	3.3333333301463045329e-31	-9.5611e-10	3.333333330146304e-31	-3.187e-40
2	64	1	1e-300	0.0	3.333333258586662840781e-301	3.3333e-301	3.3333332585866625e-301	3.3333e-301
2	64	1	2	0.1261438078769706802196366	0.1261438078769706802188	-6.6324e-21	0.12614380787697066	-2.0777e-17
2	64	2	0.5	0.3134091975575442088101266	0.3134091975575442088155	1.7145e-20	0.3134091975575442	-3.0845e-18
2	64	2	1	0.5849625007211561814537389	0.584962500721156181474	3.4637e-20	0.5849625007211561	-1.058e-16
2	64	2	1.999999999	0.5858053411710778410548235	0.5858053411710778410554	9.8414e-22	0.5858053411710777	-9.8553e-17
2	64	2	1e-30	6.666666666666666666666667e-31	6.6666666602926090658e-31	-9.5611e-10	6.666666660292608e-31	-6.3741e-40
2	64	2	1e-300	0.0	6.666666597425901213554e-301	6.6667e-301	6.666666597425901e-301	6.6667e-301
2	64	2	2	0.5858053408377445075674574	0.5858053408377445075722	8.0958e-21	0.5858053408377445	-1.4957e-17
2	64	64	0.5	0.3134091975575442088101266	0.3134091975575442088155	1.7145e-20	0.3134091975575442	-3.0845e-18
2	64	64	1	0.5849625007211561814537389	0.584962500721156181474	3.4637e-20	0.5849625007211561	-1.058e-16
2	64	64	1.999999999	0.5858053411710778410548235	0.5858053411710778410554	9.8414e-22	0.5858053411710777	-9.8553e-17
2	64	64	1e-30	6.666666666666666666666667e-31	6.6666666602926090658e-31	-9.5611e-10	6.666666660292608e-31	-6.3741e-40
2	64	64	1e-300	0.0	6.666666597425901213554e-301	6.6667e-301	6.666666597425901e-301	6.6667e-301
2	64	64	2	0.5858053408377445075674574	0.5858053408377445075722	8.0958e-21	0.5858053408377445	-1.4957e-17
2	64	128	0.5	0.3134091975575442088101266	0.3134091975575442088155	1.7145e-20	0.3134091975575442	-3.0845e-18
2	64	128	1	0.5849625007211561814537389	0.584962500721156181474	3.4637e-20	0.5849625007211561	-1.058e-16
2	64	128	1.999999999	0.5858053411710778410548235	0.5858053411710778410554	9.8414e-22	0.5858053411710777	-9.8553e-17
2	64	128	1e-30	6.666666666666666666666667e-31	6.6666666602926090658e-31	-9.5611e-10	6.666666660292608e-31	-6.3741e-40
2	64	128	1e-300	0.0	6.666666597425901213554e-301	6.6667e-301	6.666666597425901e-301	6.6667e-301
2	64	128	2	0.5858053408377445075674574	0.5858053408377445075722	8.0958e-21	0.5858053408377445	-1.4957e-17
2	128	1	0.5	0.1482107052813321553061942	0.1482107052813321553127	4.3895e-20	0.14821070528133215	-5.1434e-18
2	128	1	1	0.2630344058337938335834195	0.2630344058337938335844	3.7276e-21	0.2630344058337938	-5.0658e-17
2	128	1	1.999999999	0.1261438082103040137070027	0.1261438082103040137155	6.7362e-20	0.126143808210304	-2.1106e-17
2	128	1	1e-30	3.333333333333333333333333e-31	3.333333333333333333082e-31	-7.54e-20	3.3333333333333333e-31	-1.4149e-48
2	128	1	1e-300	0.0	3.333333258586662840781e-301	3.3333e-301	3.3333332585866625e-301	3.3333e-301
2	128	1	2	0.1261438078769706802196366	0.1261438078769706802188	-6.6324e-21	0.12614380787697066	-2.0777e-17
2	128	2	0.5	0.3134091975575442088101266	0.3134091975575442088155	1.7145e-20	0.3134091975575442	-3.0845e-18
2	128	2	1	0.5849625007211561814537389	0.584962500721156181474	3.4637e-20	0.5849625007211561	-1.058e-16
2	128	2	1.999999999	0.5858053411710778410548235	0.5858053411710778410554	9.8414e-22	0.5858053411710777	-9.8553e-17
2	128	2	1e-30	6.666666666666666666666667e-31	6.666666666666666666165e-31	-7.525e-20	6.666666666666667e-31	-2.8298e-48
2	128	2	1e-300	0.0	6.666666597425901213554e-301	6.6667e-301	6.666666597425901e-301	6.6667e-301
2	128	2	2	0.5858053408377445075674574	0.5858053408377445075722	8.0958e-21	0.5858053408377445	-1.4957e-17
2	128	128	0.5	0.3134091975575442088101266	0.3134091975575442088155	1.7145e-20	0.3134091975575442	-3.0845e-18
2	128	128	1	0.5849625007211561814537389	0.584962500721156181474	3.4637e-20	0.5849625007211561	-1.058e-16
2	128	128	1.999999999	0.5858053411710778410548235	0.5858053411710778410554	9.8414e-22	0.5858053411710777	-9.8553e-17
2	128	128	1e-30	6.666666666666666666666667e-31	6.666666666666666666165e-31	-7.525e-20	6.666666666666667e-31	-2.8298e-48
2	128	128	1e-300	0.0	6.666666597425901213554e-301	6.6667e-301	6.666666597425901e-301	6.6667e-301
2	128	128	2	0.5858053408377445075674574	0.5858053408377445075722	8.0958e-21	0.5858053408377445	-1.4957e-17
2	128	256	0.5	0.3134091975575442088101266	0.3134091975575442088155	1.7145e-20	0.3134091975575442	-3.0845e-18
2	128	256	1	0.5849625007211561814537389	0.584962500721156181474	3.4637e-20	0.5849625007211561	-1.058e-16
2	128	256	1.999999999	0.5858053411710778410548235	0.5858053411710778410554	9.8414e-22	0.5858053411710777	-9.8553e-17
2	128	256	1e-30	6.666666666666666666666667e-31	6.666666666666666666165e-31	-7.525e-20	6.666666666666667e-31	-2.8298e-48
2	128	256	1e-300	6.666666666666666666666667e-301	6.666666597425901213554e-301	-1.0386e-8	6.666666597425901e-301	-6.9241e-309
2	128	256	2	0.5858053408377445075674574	0.5858053408377445075722	8.0958e-21	0.5858053408377445	-1.4957e-17
2	256	1	0.5	0.1482107052813321553061942	0.1482107052813321553127	4.3895e-20	0.14821070528133215	-5.1434e-18
2	256	1	1	0.2630344058337938335834195	0.2630344058337938335844	3.7276e-21	0.2630344058337938	-5.0658e-17
2	256	1	1.999999999	0.1261438082103040137070027	0.1261438082103040137155	6.7362e-20	0.126143808210304	-2.1106e-17
2	256	1	1e-30	3.333333333333333333333333e-31	3.333333333333333333082e-31	-7.54e-20	3.3333333333333333e-31	-1.4149e-48
2	256	1	1e-300	3.333333333333333333333333e-301	3.333333258586662840781e-301	-2.2424e-8	3.3333332585866625e-301	-7.4747e-309
2	256	1	2	0.1261438078769706802196366	0.1261438078769706802188	-6.6324e-21	0.12614380787697066	-2.0777e-17
2	256	2	0.5	0.3134091975575442088101266	0.3134091975575442088155	1.7145e-20	0.3134091975575442	-3.0845e-18
2	256	2	1	0.5849625007211561814537389	0.584962500721156181474	3.4637e-20	0.5849625007211561	-1.058e-16
2	256	2	1.999999999	0.5858053411710778410548235	0.5858053411710778410554	9.8414e-22	0.5858053411710777	-9.8553e-17
2	256	2	1e-30	6.666666666666666666666667e-31	6.666666666666666666165e-31	-7.525e-20	6.666666666666667e-31	-2.8298e-48
2	256	2	1e-300	6.666666666666666666666667e-301	6.666666597425901213554e-301	-1.0386e-8	6.666666597425901e-301	-6.9241e-309
2	256	2	2	0.5858053408377445075674574	0.5858053408377445075722	8.0958e-21	0.5858053408377445	-1.4957e-17
2	256	256	0.5	0.3134091975575442088101266	0.3134091975575442088155	1.7145e-20	0.3134091975575442	-3.0845e-18
2	256	256	1	0.5849625007211561814537389	0.584962500721156181474	3.4637e-20	0.5849625007211561	-1.058e-16
2	256	256	1.999999999	0.5858053411710778410548235	0.5858053411710778410554	9.8414e-22	0.5858053411710777	-9.8553e-17
2	256	256	1e-30	6.666666666666666666666667e-31	6.666666666666666666165e-31	-7.525e-20	6.666666666666667e-31	-2.8298e-48
2	256	256	1e-300	6.666666666666666666666667e-301	6.666666597425901213554e-301	-1.0386e-8	6.666666597425901e-301	-6.9241e-309
2	256	256	2	0.5858053408377445075674574	0.5858053408377445075722	8.0958e-21	0.5858053408377445	-1.4957e-17
2	256	512	0.5	0.3134091975575442088101266	0.3134091975575442088155	1.7145e-20	0.3134091975575442	-3.0845e-18
2	256	512	1	0.5849625007211561814537389	0.584962500721156181474	3.4637e-20	0.5849625007211561	-1.058e-16
2	256	512	1.999999999	0.5858053411710778410548235	0.5858053411710778410554	9.8414e-22	0.5858053411710777	-9.8553e-17
2	256	512	1e-30	6.666666666666666666666667e-31	6.666666666666666666165e-31	-7.525e-20	6.666666666666667e-31	-2.8298e-48
2	256	512	1e-300	6.666666666666666666666667e-301	6.666666597425901213554e-301	-1.0386e-8	6.666666597425901e-301	-6.9241e-309
2	256	512	2	0.5858053408377445075674574	0.5858053408377445075722	8.0958e-21	0.5858053408377445	-1.4957e-17
3	1	1	0.5	0.1935120522023382395633869	0.1935120522023382395626	-4.0663e-21	0.19351205220233822	-2.0099e-17
3	1	1	1	0.3479233034203068512426063	0.3479233034203068512324	-2.9335e-20	0.3479233034203068	-4.4788e-17
3	1	1	1e-30	4.285714285714285714285714e-31	4.267821434675746176409e-31	-0.004175	4.267821434675746e-31	-1.7893e-33
3	1	1	1e-300	0.0	4.285714285714285714079e-301	4.2857e-301	4.285714285714285e-301	4.2857e-301
3	1	1	2.999999999	0.3321487283850608101981652	0.3321487283850608102119	4.1351e-20	0.33214872838506077	-4.4953e-17
3	1	1	3	0.3321487282422036672844389	0.3321487282422036672944	2.999e-20	0.33214872824220365	-1.7066e-17
3	1	3	0.5	0.1935120522023382395633869	0.1935120522023382395626	-4.0663e-21	0.19351205220233822	-2.0099e-17
3	1	3	1	0.3479233034203068512426063	0.3479233034203068512324	-2.9335e-20	0.3479233034203068	-4.4788e-17
3	1	3	1e-30	4.285714285714285714285714e-31	4.267821434675746176409e-31	-0.004175	4.267821434675746e-31	-1.7893e-33
3	1	3	1e-300	0.0	4.285714285714285714079e-301	4.2857e-301	4.285714285714285e-301	4.2857e-301
3	1	3	2.999999999	0.3321487283850608101981652	0.3321487283850608102119	4.1351e-20	0.33214872838506077	-4.4953e-17
3	1	3	3	0.3321487282422036672844389	0.3321487282422036672944	2.999e-20	0.33214872824220365	-1.7066e-17
3	1	6	0.5	0.1935120522023382395633869	0.1935120522023382395626	-4.0663e-21	0.19351205220233822	-2.0099e-17
3	1	6	1	0.3479233034203068512426063	0.3479233034203068512324	-2.9335e-20	0.3479233034203068	-4.4788e-17
3	1	6	1e-30	4.285714285714285714285714e-31	4.267821434675746176409e-31	-0.004175	4.267821434675746e-31	-1.7893e-33
3	1	6	1e-300	0.0	4.285714285714285714079e-301	4.2857e-301	4.285714285714285e-301	4.2857e-301
3	1	6	2.999999999	0.3321487283850608101981652	0.3321487283850608102119	4.1351e-20	0.33214872838506077	-4.4953e-17
3	1	6	3	0.3321487282422036672844389	0.3321487282422036672944	2.999e-20	0.33214872824220365	-1.7066e-17
3	3	1	0.5	0.1935120522023382395633869	0.1935120522023382395626	-4.0663e-21	0.19351205220233822	-2.0099e-17
3	3	1	1	0.3479233034203068512426063	0.3479233034203068512324	-2.9335e-20	0.3479233034203068	-4.4788e-17
3	3	1	1e-30	4.285714285714285714285714e-31	4.267821434675746176409e-31	-0.004175	4.267821434675746e-31	-1.7893e-33
3	3	1	1e-300	0.0	4.285714285714285714079e-301	4.2857e-301	4.285714285714285e-301	4.2857e-301
3	3	1	2.999999999	0.3321487283850608101981652	0.3321487283850608102119	4.1351e-20	0.33214872838506077	-4.4953e-17
3	3	1	3	0.3321487282422036672844389	0.3321487282422036672944	2.999e-20	0.33214872824220365	-1.7066e-17
3	3	3	0.5	0.4170612502591625494864875	0.4170612502591625494986	2.9043e-20	0.4170612502591625	-3.0237e-17
3	3	3	1	0.8073549220576041074419693	0.8073549220576041074329	-1.1233e-20	0.8073549220576041	-4.4407e-17
3	3	3	1e-30	8.571428571428571428571429e-31	8.535642869351492352818e-31	-0.004175	8.535642869351491e-31	-3.5786e-33
3	3	3	1e-300	0.0	8.571428571428571428158e-301	8.5714e-301	8.57142857142857e-301	8.5714e-301
3	3	3	2.999999999	1.396244784544717589518972	1.396244784544717589566	3.3682e-20	1.3962447845447175	-1.3515e-16
3	3	3	3	1.396244784401860446605246	1.396244784401860446567	-2.7392e-20	1.3962447844018604	-5.1754e-17
3	3	6	0.5	0.4170612502591625494864875	0.4170612502591625494986	2.9043e-20	0.4170612502591625	-3.0237e-17
3	3	6	1	0.8073549220576041074419693	0.8073549220576041074329	-1.1233e-20	0.8073549220576041	-4.4407e-17
3	3	6	1e-30	8.571428571428571428571429e-31	8.535642869351492352818e-31	-0.004175	8.535642869351491e-31	-3.5786e-33
3	3	6	1e-300	0.0	8.571428571428571428158e-301	8.5714e-301	8.57142857142857e-301	8.5714e-301
3	3	6	2.999999999	1.396244784544717589518972	1.396244784544717589566	3.3682e-20	1.3962447845447175	-1.3515e-16
3	3	6	3	1.396244784401860446605246	1.396244784401860446567	-2.7392e-20	1.3962447844018604	-5.1754e-17
3	6	1	0.5	0.1935120522023382395633869	0.1935120522023382395626	-4.0663e-21	0.19351205220233822	-2.0099e-17
3	6	1	1	0.3479233034203068512426063	0.3479233034203068512324	-2.9335e-20	0.3479233034203068	-4.4788e-17
3	6	1	1e-30	4.285714285714285714285714e-31	4.267821434675746176409e-31	-0.004175	4.267821434675746e-31	-1.7893e-33
3	6	1	1e-300	0.0	4.285714285714285714079e-301	4.2857e-301	4.285714285714285e-301	4.2857e-301
3	6	1	2.999999999	0.3321487283850608101981652	0.3321487283850608102119	4.1351e-20	0.33214872838506077	-4.4953e-17
3	6	1	3	0.3321487282422036672844389	0.3321487282422036672944	2.999e-20	0.33214872824220365	-1.7066e-17
3	6	3	0.5	0.4170612502591625494864875	0.4170612502591625494986	2.9043e-20	0.4170612502591625	-3.0237e-17
3	6	3	1	0.8073549220576041074419693	0.8073549220576041074329	-1.1233e-20	0.8073549220576041	-4.4407e-17
3	6	3	1e-30	8.571428571428571428571429e-31	8.535642869351492352818e-31	-0.004175	8.535642869351491e-31	-3.5786e-33
3	6	3	1e-300	0.0	8.571428571428571428158e-301	8.5714e-301	8.57142857142857e-301	8.5714e-301
3	6	3	2.999999999	1.396244784544717589518972	1.396244784544717589566	3.3682e-20	1.3962447845447175	-1.3515e-16
3	6	3	3	1.396244784401860446605246	1.396244784401860446567	-2.7392e-20	1.3962447844018604	-5.1754e-17
3	6	6	0.5	0.4170612502591625494864875	0.4170612502591625494986	2.9043e-20	0.4170612502591625	-3.0237e-17
3	6	6	1	0.8073549220576041074419693	0.8073549220576041074329	-1.1233e-20	0.8073549220576041	-4.4407e-17
3	6	6	1e-30	8.571428571428571428571429e-31	8.535642869351492352818e-31	-0.004175	8.535642869351491e-31	-3.5786e-33
3	6	6	1e-300	0.0	8.571428571428571428158e-301	8.5714e-301	8.57142857142857e-301	8.5714e-301
3	6	6	2.999999999	1.396244784544717589518972	1.396244784544717589566	3.3682e-20	1.3962447845447175	-1.3515e-16
3	6	6	3	1.396244784401860446605246	1.396244784401860446567	-2.7392e-20	1.3962447844018604	-5.1754e-17
3	6	12	0.5	0.4170612502591625494864875	0.4170612502591625494986	2.9043e-20	0.4170612502591625	-3.0237e-17
3	6	12	1	0.8073549220576041074419693	0.8073549220576041074329	-1.1233e-20	0.8073549220576041	-4.4407e-17
3	6	12	1e-30	8.571428571428571428571429e-31	8.535642869351492352818e-31	-0.004175	8.535642869351491e-31	-3.5786e-33
3	6	12	1e-300	0.0	8.571428571428571428158e-301	8.5714e-301	8.57142857142857e-301	8.5714e-301
3	6	12	2.999999999	1.396244784544717589518972	1.396244784544717589566	3.3682e-20	1.3962447845447175	-1.3515e-16
3	6	12	3	1.396244784401860446605246	1.396244784401860446567	-2.7392e-20	1.3962447844018604	-5.1754e-17
3	64	1	0.5	0.1935120522023382395633869	0.1935120522023382395626	-4.0663e-21	0.19351205220233822	-2.0099e-17
3	64	1	1	0.3479233034203068512426063	0.3479233034203068512324	-2.9335e-20	0.3479233034203068	-4.4788e-17
3	64	1	1e-30	4.285714285714285714285714e-31	4.285714281616677256585e-31	-9.5611e-10	4.285714281616677e-31	-4.0976e-40
3	64	1	1e-300	0.0	4.285714246934691889743e-301	4.2857e-301	4.285714246934691e-301	4.2857e-301
3	64	1	2.999999999	0.3321487283850608101981652	0.3321487283850608102119	4.1351e-20	0.33214872838506077	-4.4953e-17
3	64	1	3	0.3321487282422036672844389	0.3321487282422036672944	2.999e-20	0.33214872824220365	-1.7066e-17
3	64	3	0.5	0.4170612502591625494864875	0.4170612502591625494986	2.9043e-20	0.4170612502591625	-3.0237e-17
3	64	3	1	0.8073549220576041074419693	0.8073549220576041074329	-1.1233e-20	0.8073549220576041	-4.4407e-17
3	64	3	1e-30	8.571428571428571428571429e-31	8.571428563233354513171e-31	-9.5611e-10	8.571428563233354e-31	-8.1952e-40
3	64	3	1e-300	0.0	8.571428493869383779486e-301	8.5714e-301	8.571428493869382e-301	8.5714e-301
3	64	3	2.999999999	1.396244784544717589518972	1.396244784544717589566	3.3682e-20	1.3962447845447175	-1.3515e-16
3	64	3	3	1.396244784401860446605246	1.396244784401860446567	-2.7392e-20	1.3962447844018604	-5.1754e-17
3	64	64	0.5	0.4170612502591625494864875	0.4170612502591625494986	2.9043e-20	0.4170612502591625	-3.0237e-17
3	64	64	1	0.8073549220576041074419693	0.8073549220576041074329	-1.1233e-20	0.8073549220576041	-4.4407e-17
3	64	64	1e-30	8.571428571428571428571429e-31	8.571428563233354513171e-31	-9.5611e-10	8.571428563233354e-31	-8.1952e-40
3	64	64	1e-300	0.0	8.571428493869383779486e-301	8.5714e-301	8.571428493869382e-301	8.5714e-301
3	64	64	2.999999999	1.396244784544717589518972	1.396244784544717589566	3.3682e-20	1.3962447845447175	-1.3515e-16
3	64	64	3	1.396244784401860446605246	1.396244784401860446567	-2.7392e-20	1.3962447844018604	-5.1754e-17
3	64	128	0.5	0.4170612502591625494864875	0.4170612502591625494986	2.9043e-20	0.4170612502591625	-3.0237e-17
3	64	128	1	0.8073549220576041074419693	0.8073549220576041074329	-1.1233e-20	0.8073549220576041	-4.4407e-17
3	64	128	1e-30	8.571428571428571428571429e-31	8.571428563233354513171e-31	-9.5611e-10	8.571428563233354e-31	-8.1952e-40
3	64	128	1e-300	0.0	8.571428493869383779486e-301	8.5714e-301	8.571428493869382e-301	8.5714e-301
3	64	128	2.999999999	1.396244784544717589518972	1.396244784544717589566	3.3682e-20	1.3962447845447175	-1.3515e-16
3	64	128	3	1.396244784401860446605246	1.396244784401860446567	-2.7392e-20	1.3962447844018604	-5.1754e-17
3	128	1	0.5	0.1935120522023382395633869	0.1935120522023382395626	-4.0663e-21	0.19351205220233822	-2.0099e-17
3	128	1	1	0.3479233034203068512426063	0.3479233034203068512324	-2.9335e-20	0.3479233034203068	-4.4788e-17
3	128	1	1e-30	4.285714285714285714285714e-31	4.285714285714285714238e-31	-1.1133e-20	4.285714285714286e-31	-1.4331e-47
3	128	1	1e-300	0.0	4.285714246934691889743e-301	4.2857e-301	4.285714246934691e-301	4.2857e-301
3	128	1	2.999999999	0.3321487283850608101981652	0.3321487283850608102119	4.1351e-20	0.33214872838506077	-4.4953e-17
3	128	1	3	0.3321487282422036672844389	0.3321487282422036672944	2.999e-20	0.33214872824220365	-1.7066e-17
3	128	3	0.5	0.4170612502591625494864875	0.4170612502591625494986	2.9043e-20	0.4170612502591625	-3.0237e-17
3	128	3	1	0.8073549220576041074419693	0.8073549220576041074329	-1.1233e-20	0.8073549220576041	-4.4407e-17
3	128	3	1e-30	8.571428571428571428571429e-31	8.571428571428571428476e-31	-1.1133e-20	8.571428571428571e-31	-2.8662e-47
3	128	3	1e-300	0.0	8.571428493869383779486e-301	8.5714e-301	8.571428493869382e-301	8.5714e-301
3	128	3	2.999999999	1.396244784544717589518972	1.396244784544717589566	3.3682e-20	1.3962447845447175	-1.3515e-16
3	128	3	3	1.396244784401860446605246	1.396244784401860446567	-2.7392e-20	1.3962447844018604	-5.1754e-17
3	128	128	0.5	0.4170612502591625494864875	0.4170612502591625494986	2.9043e-20	0.4170612502591625	-3.0237e-17
3	128	128	1	0.8073549220576041074419693	0.8073549220576041074329	-1.1233e-20	0.8073549220576041	-4.4407e-17
3	128	128	1e-30	8.571428571428571428571429e-31	8.571428571428571428476e-31	-1.1133e-20	8.571428571428571e-31	-2.8662e-47
3	128	128	1e-300	0.0	8.571428493869383779486e-301	8.5714e-301	8.571428493869382e-301	8.5714e-301
3	128	128	2.999999999	1.396244784544717589518972	1.396244784544717589566	3.3682e-20	1.3962447845447175	-1.3515e-16
3	128	128	3	1.396244784401860446605246	1.396244784401860446567	-2.7392e-20	1.3962447844018604	-5.1754e-17
3	128	256	0.5	0.4170612502591625494864875	0.4170612502591625494986	2.9043e-20	0.4170612502591625	-3.0237e-17
3	128	256	1	0.8073549220576041074419693	0.8073549220576041074329	-1.1233e-20	0.8073549220576041	-4.4407e-17
3	128	256	1e-30	8.571428571428571428571429e-31	8.571428571428571428476e-31	-1.1133e-20	8.571428571428571e-31	-2.8662e-47
3	128	256	1e-300	8.571428571428571428571429e-301	8.571428493869383779486e-301	-9.0486e-9	8.571428493869382e-301	-7.7559e-309
3	128	256	2.999999999	1.396244784544717589518972	1.396244784544717589566	3.3682e-20	1.3962447845447175	-1.3515e-16
3	128	256	3	1.396244784401860446605246	1.396244784401860446567	-2.7392e-20	1.3962447844018604	-5.1754e-17
3	256	1	0.5	0.1935120522023382395633869	0.1935120522023382395626	-4.0663e-21	0.19351205220233822	-2.0099e-17
3	256	1	1	0.3479233034203068512426063	0.3479233034203068512324	-2.9335e-20	0.3479233034203068	-4.4788e-17
3	256	1	1e-30	4.285714285714285714285714e-31	4.285714285714285714238e-31	-1.1133e-20	4.285714285714286e-31	-1.4331e-47
3	256	1	1e-300	4.285714285714285714285714e-301	4.285714246934691889743e-301	-9.0486e-9	4.285714246934691e-301	-3.878e-309
3	256	1	2.999999999	0.3321487283850608101981652	0.3321487283850608102119	4.1351e-20	0.33214872838506077	-4.4953e-17
3	256	1	3	0.3321487282422036672844389	0.3321487282422036672944	2.999e-20	0.33214872824220365	-1.7066e-17
3	256	3	0.5	0.4170612502591625494864875	0.4170612502591625494986	2.9043e-20	0.4170612502591625	-3.0237e-17
3	256	3	1	0.8073549220576041074419693	0.8073549220576041074329	-1.1233e-20	0.8073549220576041	-4.4407e-17
3	256	3	1e-30	8.571428571428571428571429e-31	8.571428571428571428476e-31	-1.1133e-20	8.571428571428571e-31	-2.8662e-47
3	256	3	1e-300	8.571428571428571428571429e-301	8.571428493869383779486e-301	-9.0486e-9	8.571428493869382e-301	-7.7559e-309
3	256	3	2.999999999	1.396244784544717589518972	1.396244784544717589566	3.3682e-20	1.3962447845447175	-1.3515e-16
3	256	3	3	1.396244784401860446605246	1.396244784401860446567	-2.7392e-20	1.3962447844018604	-5.1754e-17
3	256	256	0.5	0.4170612502591625494864875	0.4170612502591625494986	2.9043e-20	0.4170612502591625	-3.0237e-17
3	256	256	1	0.8073549220576041074419693	0.8073549220576041074329	-1.1233e-20	0.8073549220576041	-4.4407e-17
3	256	256	1e-30	8.571428571428571428571429e-31	8.571428571428571428476e-31	-1.1133e-20	8.571428571428571e-31	-2.8662e-47
3	256	256	1e-300	8.571428571428571428571429e-301	8.571428493869383779486e-301	-9.0486e-9	8.571428493869382e-301	-7.7559e-309
3	256	256	2.999999999	1.396244784544717589518972	1.396244784544717589566	3.3682e-20	1.3962447845447175	-1.3515e-16
3	256	256	3	1.396244784401860446605246	1.396244784401860446567	-2.7392e-20	1.3962447844018604	-5.1754e-17
3	256	512	0.5	0.4170612502591625494864875	0.4170612502591625494986	2.9043e-20	0.4170612502591625	-3.0237e-17
3	256	512	1	0.8073549220576041074419693	0.8073549220576041074329	-1.1233e-20	0.8073549220576041	-4.4407e-17
3	256	512	1e-30	8.571428571428571428571429e-31	8.571428571428571428476e-31	-1.1133e-20	8.571428571428571e-31	-2.8662e-47
3	256	512	1e-300	8.571428571428571428571429e-301	8.571428493869383779486e-301	-9.0486e-9	8.571428493869382e-301	-7.7559e-309
3	256	512	2.999999999	1.396244784544717589518972	1.396244784544717589566	3.3682e-20	1.3962447845447175	-1.3515e-16
3	256	512	3	1.396244784401860446605246	1.396244784401860446567	-2.7392e-20	1.3962447844018604	-5.1754e-17
8	1	1	0.5	0.2274763278124279861487116	0.2274763278124279861498	4.7847e-21	0.22747632781242796	-2.1968e-17
8	1	1	1	0.4131528549339008527411752	0.413152854933900852744	6.8372e-21	0.4131528549339008	-4.8895e-17
8	1	1	1e-30	4.980392156862745098039216e-31	4.801299114010214448193e-31	-0.03596	4.801299114010214e-31	-1.7909e-32
8	1	1	1e-300	0.0	4.980392156862745097926e-301	4.9804e-301	4.980392156862745e-301	4.9804e-301
8	1	1	7.999999999	0.8571692357631346701887801	0.857169235763134670209	2.3589e-20	0.8571692357631346	-2.9795e-17
8	1	1	8	0.8571692357592131015599647	0.8571692357592131015727	1.4857e-20	0.857169235759213	-1.0196e-16
8	1	8	0.5	0.2274763278124279861487116	0.2274763278124279861498	4.7847e-21	0.22747632781242796	-2.1968e-17
8	1	8	1	0.4131528549339008527411752	0.413152854933900852744	6.8372e-21	0.4131528549339008	-4.8895e-17
8	1	8	1e-30	4.980392156862745098039216e-31	4.801299114010214448193e-31	-0.03596	4.801299114010214e-31	-1.7909e-32
8	1	8	1e-300	0.0	4.980392156862745097926e-301	4.9804e-301	4.980392156862745e-301	4.9804e-301
8	1	8	7.999999999	0.8571692357631346701887801	0.857169235763134670209	2.3589e-20	0.8571692357631346	-2.9795e-17
8	1	8	8	0.8571692357592131015599647	0.8571692357592131015727	1.4857e-20	0.857169235759213	-1.0196e-16
8	1	16	0.5	0.2274763278124279861487116	0.2274763278124279861498	4.7847e-21	0.22747632781242796	-2.1968e-17
8	1	16	1	0.4131528549339008527411752	0.413152854933900852744	6.8372e-21	0.4131528549339008	-4.8895e-17
8	1	16	1e-30	4.980392156862745098039216e-31	4.801299114010214448193e-31	-0.03596	4.801299114010214e-31	-1.7909e-32
8	1	16	1e-300	0.0	4.980392156862745097926e-301	4.9804e-301	4.980392156862745e-301	4.9804e-301
8	1	16	7.999999999	0.8571692357631346701887801	0.857169235763134670209	2.3589e-20	0.8571692357631346	-2.9795e-17
8	1	16	8	0.8571692357592131015599647	0.8571692357592131015727	1.4857e-20	0.857169235759213	-1.0196e-16
8	4	1	0.5	0.2274763278124279861487116	0.2274763278124279861498	4.7847e-21	0.22747632781242796	-2.1968e-17
8	4	1	1	0.4131528549339008527411752	0.413152854933900852744	6.8372e-21	0.4131528549339008	-4.8895e-17
8	4	1	1e-30	4.980392156862745098039216e-31	4.801299114010214448193e-31	-0.03596	4.801299114010214e-31	-1.7909e-32
8	4	1	1e-300	0.0	4.980392156862745097926e-301	4.9804e-301	4.980392156862745e-301	4.9804e-301
8	4	1	4	0.9075537512354049396639733	0.9075537512354049396478	-1.7821e-20	0.9075537512354049	-2.2387e-18
8	4	1	7.999999999	0.8571692357631346701887801	0.857169235763134670209	2.3589e-20	0.8571692357631346	-2.9795e-17
8	4	1	8	0.8571692357592131015599647	0.8571692357592131015727	1.4857e-20	0.857169235759213	-1.0196e-16
8	4	4	0.5	0.4629835124621934364835702	0.4629835124621934364845	2.0084e-21	0.46298351246219344	-3.5137e-19
8	4	4	1	0.9122043955049863768804519	0.9122043955049863769011	2.2635e-20	0.9122043955049863	-4.5136e-17
8	4	4	1e-30	9.372549019607843137254902e-31	9.2469464417974500491e-31	-0.013401	9.24694644179745e-31	-1.256e-32
8	4	4	1e-300	0.0	9.37254901960784313724e-301	9.3725e-301	9.372549019607843e-301	9.3725e-301
8	4	4	4	3.043068721891885970600964	3.04306872189188597059	-3.6029e-21	3.0430687218918857	-2.6217e-16
8	4	4	7.999999999	3.332148728246125235913254	3.33214872824612523593	5.0255e-21	3.332148728246125	-3.8899e-16
8	4	4	8	3.332148728242203667284439	3.332148728242203667348	1.9075e-20	3.3321487282422035	-1.2809e-16
8	4	8	0.5	0.4629835124621934364835702	0.4629835124621934364845	2.0084e-21	0.46298351246219344	-3.5137e-19
8	4	8	1	0.9122043955049863768804519	0.9122043955049863769011	2.2635e-20	0.9122043955049863	-4.5136e-17
8	4	8	1e-30	9.372549019607843137254902e-31	9.2469464417974500491e-31	-0.013401	9.24694644179745e-31	-1.256e-32
8	4	8	1e-300	0.0	9.37254901960784313724e-301	9.3725e-301	9.372549019607843e-301	9.3725e-301
8	4	8	4	3.043068721891885970600964	3.04306872189188597059	-3.6029e-21	3.0430687218918857	-2.6217e-16
8	4	8	7.999999999	3.332148728246125235913254	3.33214872824612523593	5.0255e-21	3.332148728246125	-3.8899e-16
8	4	8	8	3.332148728242203667284439	3.332148728242203667348	1.9075e-20	3.3321487282422035	-1.2809e-16
8	4	16	0.5	0.4629835124621934364835702	0.4629835124621934364845	2.0084e-21	0.46298351246219344	-3.5137e-19
8	4	16	1	0.9122043955049863768804519	0.9122043955049863769011	2.2635e-20	0.9122043955049863	-4.5136e-17
8	4	16	1e-30	9.372549019607843137254902e-31	9.2469464417974500491e-31	-0.013401	9.24694644179745e-31	-1.256e-32
8	4	16	1e-300	0.0	9.37254901960784313724e-301	9.3725e-301	9.372549019607843e-301	9.3725e-301
8	4	16	4	3.043068721891885970600964	3.04306872189188597059	-3.6029e-21	3.0430687218918857	-2.6217e-16
8	4	16	7.999999999	3.332148728246125235913254	3.33214872824612523593	5.0255e-21	3.332148728246125	-3.8899e-16
8	4	16	8	3.332148728242203667284439	3.332148728242203667348	1.9075e-20	3.3321487282422035	-1.2809e-16
8	8	1	0.5	0.2274763278124279861487116	0.2274763278124279861498	4.7847e-21	0.22747632781242796	-2.1968e-17
8	8	1	1	0.4131528549339008527411752	0.413152854933900852744	6.8372e-21	0.4131528549339008	-4.8895e-17
8	8	1	1e-30	4.980392156862745098039216e-31	4.801299114010214448193e-31	-0.03596	4.801299114010214e-31	-1.7909e-32
8	8	1	1e-300	0.0	4.980392156862745097926e-301	4.9804e-301	4.980392156862745e-301	4.9804e-301
8	8	1	7.999999999	0.8571692357631346701887801	0.857169235763134670209	2.3589e-20	0.8571692357631346	-2.9795e-17
8	8	1	8	0.8571692357592131015599647	0.8571692357592131015727	1.4857e-20	0.857169235759213	-1.0196e-16
8	8	8	0.5	0.4976584351782923315948781	0.4976584351782923315945	-7.5978e-22	0.4976584351782923	-5.1663e-17
8	8	8	1	0.9943534368588579375781244	0.9943534368588579376016	2.3609e-20	0.9943534368588579	-2.8925e-17
8	8	8	1e-30	9.960784313725490196078431e-31	9.780424121131918320456e-31	-0.018107	9.780424121131918e-31	-1.8036e-32
8	8	8	1e-300	0.0	9.960784313725490195853e-301	9.9608e-301	9.96078431372549e-301	9.9608e-301
8	8	8	7.999999999	5.88556019421212319936014	5.885560194212123199392	5.4133e-21	5.885560194212123	-4.6834e-16
8	8	8	8	5.885560194208201630731324	5.885560194208201630593	-2.3502e-20	5.885560194208201	-2.0744e-16
8	8	16	0.5	0.4976584351782923315948781	0.4976584351782923315945	-7.5978e-22	0.4976584351782923	-5.1663e-17
8	8	16	1	0.9943534368588579375781244	0.9943534368588579376016	2.3609e-20	0.9943534368588579	-2.8925e-17
8	8	16	1e-30	9.960784313725490196078431e-31	9.780424121131918320456e-31	-0.018107	9.780424121131918e-31	-1.8036e-32
8	8	16	1e-300	0.0	9.960784313725490195853e-301	9.9608e-301	9.96078431372549e-301	9.9608e-301
8	8	16	7.999999999	5.88556019421212319936014	5.885560194212123199392	5.4133e-21	5.885560194212123	-4.6834e-16
8	8	16	8	5.885560194208201630731324	5.885560194208201630593	-2.3502e-20	5.885560194208201	-2.0744e-16
8	16	1	0.5	0.2274763278124279861487116	0.2274763278124279861498	4.7847e-21	0.22747632781242796	-2.1968e-17
8	16	1	1	0.4131528549339008527411752	0.413152854933900852744	6.8372e-21	0.4131528549339008	-4.8895e-17
8	16	1	1e-30	4.980392156862745098039216e-31	4.801299114010214448193e-31	-0.03596	4.801299114010214e-31	-1.7909e-32
8	16	1	1e-300	0.0	4.980392156862745097926e-301	4.9804e-301	4.980392156862745e-301	4.9804e-301
8	16	1	7.999999999	0.8571692357631346701887801	0.857169235763134670209	2.3589e-20	0.8571692357631346	-2.9795e-17
8	16	1	8	0.8571692357592131015599647	0.8571692357592131015727	1.4857e-20	0.857169235759213	-1.0196e-16
8	16	8	0.5	0.4976584351782923315948781	0.4976584351782923315945	-7.5978e-22	0.4976584351782923	-5.1663e-17
8	16	8	1	0.9943534368588579375781244	0.9943534368588579376016	2.3609e-20	0.9943534368588579	-2.8925e-17
8	16	8	1e-30	9.960784313725490196078431e-31	9.780424121131918320456e-31	-0.018107	9.780424121131918e-31	-1.8036e-32
8	16	8	1e-300	0.0	9.960784313725490195853e-301	9.9608e-301	9.96078431372549e-301	9.9608e-301
8	16	8	7.999999999	5.88556019421212319936014	5.885560194212123199392	5.4133e-21	5.885560194212123	-4.6834e-16
8	16	8	8	5.885560194208201630731324	5.885560194208201630593	-2.3502e-20	5.885560194208201	-2.0744e-16
8	16	16	0.5	0.4976584351782923315948781	0.4976584351782923315945	-7.5978e-22	0.4976584351782923	-5.1663e-17
8	16	16	1	0.9943534368588579375781244	0.9943534368588579376016	2.3609e-20	0.9943534368588579	-2.8925e-17
8	16	16	1e-30	9.960784313725490196078431e-31	9.780424121131918320456e-31	-0.018107	9.780424121131918e-31	-1.8036e-32
8	16	16	1e-300	0.0	9.960784313725490195853e-301	9.9608e-301	9.96078431372549e-301	9.9608e-301
8	16	16	7.999999999	5.88556019421212319936014	5.885560194212123199392	5.4133e-21	5.885560194212123	-4.6834e-16
8	16	16	8	5.885560194208201630731324	5.885560194208201630593	-2.3502e-20	5.885560194208201	-2.0744e-16
8	16	32	0.5	0.4976584351782923315948781	0.4976584351782923315945	-7.5978e-22	0.4976584351782923	-5.1663e-17
8	16	32	1	0.9943534368588579375781244	0.9943534368588579376016	2.3609e-20	0.9943534368588579	-2.8925e-17
8	16	32	1e-30	9.960784313725490196078431e-31	9.780424121131918320456e-31	-0.018107	9.780424121131918e-31	-1.8036e-32
8	16	32	1e-300	0.0	9.960784313725490195853e-301	9.9608e-301	9.96078431372549e-301	9.9608e-301
8	16	32	7.999999999	5.88556019421212319936014	5.885560194212123199392	5.4133e-21	5.885560194212123	-4.6834e-16
8	16	32	8	5.885560194208201630731324	5.885560194208201630593	-2.3502e-20	5.885560194208201	-2.0744e-16
8	64	1	0.5	0.2274763278124279861487116	0.2274763278124279861498	4.7847e-21	0.22747632781242796	-2.1968e-17
8	64	1	1	0.4131528549339008527411752	0.413152854933900852744	6.8372e-21	0.4131528549339008	-4.8895e-17
8	64	1	1e-30	4.980392156862745098039216e-31	4.980392126163962870336e-31	-6.1639e-9	4.980392126163962e-31	-3.0699e-39
8	64	1	1e-300	0.0	4.980392097110562765233e-301	4.9804e-301	4.980392097110562e-301	4.9804e-301
8	64	1	7.999999999	0.8571692357631346701887801	0.857169235763134670209	2.3589e-20	0.8571692357631346	-2.9795e-17
8	64	1	8	0.8571692357592131015599647	0.8571692357592131015727	1.4857e-20	0.857169235759213	-1.0196e-16
8	64	8	0.5	0.4976584351782923315948781	0.4976584351782923315945	-7.5978e-22	0.4976584351782923	-5.1663e-17
8	64	8	1	0.9943534368588579375781244	0.9943534368588579376016	2.3609e-20	0.9943534368588579	-2.8925e-17
8	64	8	1e-30	9.960784313725490196078431e-31	9.960784294724922503989e-31	-1.9075e-9	9.960784294724922e-31	-1.9001e-39
8	64	8	1e-300	0.0	9.960784194221125530466e-301	9.9608e-301	9.960784194221124e-301	9.9608e-301
8	64	8	7.999999999	5.88556019421212319936014	5.885560194212123199392	5.4133e-21	5.885560194212123	-4.6834e-16
8	64	8	8	5.885560194208201630731324	5.885560194208201630593	-2.3502e-20	5.885560194208201	-2.0744e-16
8	64	64	0.5	0.4976584351782923315948781	0.4976584351782923315945	-7.5978e-22	0.4976584351782923	-5.1663e-17
8	64	64	1	0.9943534368588579375781244	0.9943534368588579376016	2.3609e-20	0.9943534368588579	-2.8925e-17
8	64	64	1e-30	9.960784313725490196078431e-31	9.960784294724922503989e-31	-1.9075e-9	9.960784294724922e-31	-1.9001e-39
8	64	64	1e-300	0.0	9.960784194221125530466e-301	9.9608e-301	9.960784194221124e-301	9.9608e-301
8	64	64	7.999999999	5.88556019421212319936014	5.885560194212123199392	5.4133e-21	5.885560194212123	-4.6834e-16
8	64	64	8	5.885560194208201630731324	5.885560194208201630593	-2.3502e-20	5.885560194208201	-2.0744e-16
8	64	128	0.5	0.4976584351782923315948781	0.4976584351782923315945	-7.5978e-22	0.4976584351782923	-5.1663e-17
8	64	128	1	0.9943534368588579375781244	0.9943534368588579376016	2.3609e-20	0.9943534368588579	-2.8925e-17
8	64	128	1e-30	9.960784313725490196078431e-31	9.960784294724922503989e-31	-1.9075e-9	9.960784294724922e-31	-1.9001e-39
8	64	128	1e-300	0.0	9.960784194221125530466e-301	9.9608e-301	9.960784194221124e-301	9.9608e-301
8	64	128	7.999999999	5.88556019421212319936014	5.885560194212123199392	5.4133e-21	5.885560194212123	-4.6834e-16
8	64	128	8	5.885560194208201630731324	5.885560194208201630593	-2.3502e-20	5.885560194208201	-2.0744e-16
8	128	1	0.5	0.2274763278124279861487116	0.2274763278124279861498	4.7847e-21	0.22747632781242796	-2.1968e-17
8	128	1	1	0.4131528549339008527411752	0.413152854933900852744	6.8372e-21	0.4131528549339008	-4.8895e-17
8	128	1	1e-30	4.980392156862745098039216e-31	4.980392156862745097712e-31	-6.5701e-20	4.980392156862745e-31	-4.9511e-47
8	128	1	1e-300	0.0	4.980392097110562765233e-301	4.9804e-301	4.980392097110562e-301	4.9804e-301
8	128	1	7.999999999	0.8571692357631346701887801	0.857169235763134670209	2.3589e-20	0.8571692357631346	-2.9795e-17
8	128	1	8	0.8571692357592131015599647	0.8571692357592131015727	1.4857e-20	0.857169235759213	-1.0196e-16
8	128	8	0.5	0.4976584351782923315948781	0.4976584351782923315945	-7.5978e-22	0.4976584351782923	-5.1663e-17
8	128	8	1	0.9943534368588579375781244	0.9943534368588579376016	2.3609e-20	0.9943534368588579	-2.8925e-17
8	128	8	1e-30	9.960784313725490196078431e-31	9.960784313725490195424e-31	-6.5701e-20	9.96078431372549e-31	-9.9022e-47
8	128	8	1e-300	0.0	9.960784194221125530466e-301	9.9608e-301	9.960784194221124e-301	9.9608e-301
8	128	8	7.999999999	5.88556019421212319936014	5.885560194212123199392	5.4133e-21	5.885560194212123	-4.6834e-16
8	128	8	8	5.885560194208201630731324	5.885560194208201630593	-2.3502e-20	5.885560194208201	-2.0744e-16
8	128	128	0.5	0.4976584351782923315948781	0.4976584351782923315945	-7.5978e-22	0.4976584351782923	-5.1663e-17
8	128	128	1	0.9943534368588579375781244	0.9943534368588579376016	2.3609e-20	0.9943534368588579	-2.8925e-17
8	128	128	1e-30	9.960784313725490196078431e-31	9.960784313725490195424e-31	-6.5701e-20	9.96078431372549e-31	-9.9022e-47
8	128	128	1e-300	0.0	9.960784194221125530466e-301	9.9608e-301	9.960784194221124e-301	9.9608e-301
8	128	128	7.999999999	5.88556019421212319936014	5.885560194212123199392	5.4133e-21	5.885560194212123	-4.6834e-16
8	128	128	8	5.885560194208201630731324	5.885560194208201630593	-2.3502e-20	5.885560194208201	-2.0744e-16
8	128	256	0.5	0.4976584351782923315948781	0.4976584351782923315945	-7.5978e-22	0.4976584351782923	-5.1663e-17
8	128	256	1	0.9943534368588579375781244	0.9943534368588579376016	2.3609e-20	0.9943534368588579	-2.8925e-17
8	128	256	1e-30	9.960784313725490196078431e-31	9.960784313725490195424e-31	-6.5701e-20	9.96078431372549e-31	-9.9022e-47
8	128	256	1e-300	9.960784313725490196078431e-301	9.960784194221125530466e-301	-1.1997e-8	9.960784194221124e-301	-1.195e-308
8	128	256	7.999999999	5.88556019421212319936014	5.885560194212123199392	5.4133e-21	5.885560194212123	-4.6834e-16
8	128	256	8	5.885560194208201630731324	5.885560194208201630593	-2.3502e-20	5.885560194208201	-2.0744e-16
8	256	1	0.5	0.2274763278124279861487116	0.2274763278124279861498	4.7847e-21	0.22747632781242796	-2.1968e-17
8	256	1	1	0.4131528549339008527411752	0.413152854933900852744	6.8372e-21	0.4131528549339008	-4.8895e-17
8	256	1	1e-30	4.980392156862745098039216e-31	4.980392156862745097712e-31	-6.5701e-20	4.980392156862745e-31	-4.9511e-47
8	256	1	1e-300	4.980392156862745098039216e-301	4.980392097110562765233e-301	-1.1997e-8	4.980392097110562e-301	-5.9752e-309
8	256	1	7.999999999	0.8571692357631346701887801	0.857169235763134670209	2.3589e-20	0.8571692357631346	-2.9795e-17
8	256	1	8	0.8571692357592131015599647	0.8571692357592131015727	1.4857e-20	0.857169235759213	-1.0196e-16
8	256	8	0.5	0.4976584351782923315948781	0.4976584351782923315945	-7.5978e-22	0.4976584351782923	-5.1663e-17
8	256	8	1	0.9943534368588579375781244	0.9943534368588579376016	2.3609e-20	0.9943534368588579	-2.8925e-17
8	256	8	1e-30	9.960784313725490196078431e-31	9.960784313725490195424e-31	-6.5701e-20	9.96078431372549e-31	-9.9022e-47
8	256	8	1e-300	9.960784313725490196078431e-301	9.960784194221125530466e-301	-1.1997e-8	9.960784194221124e-301	-1.195e-308
8	256	8	7.999999999	5.88556019421212319936014	5.885560194212123199392	5.4133e-21	5.885560194212123	-4.6834e-16
8	256	8	8	5.885560194208201630731324	5.885560194208201630593	-2.3502e-20	5.885560194208201	-2.0744e-16
8	256	256	0.5	0.4976584351782923315948781	0.4976584351782923315945	-7.5978e-22	0.4976584351782923	-5.1663e-17
8	256	256	1	0.9943534368588579375781244	0.9943534368588579376016	2.3609e-20	0.9943534368588579	-2.8925e-17
8	256	256	1e-30	9.960784313725490196078431e-31	9.960784313725490195424e-31	-6.5701e-20	9.96078431372549e-31	-9.9022e-47
8	256	256	1e-300	9.960784313725490196078431e-301	9.960784194221125530466e-301	-1.1997e-8	9.960784194221124e-301	-1.195e-308
8	256	256	7.999999999	5.88556019421212319936014	5.885560194212123199392	5.4133e-21	5.885560194212123	-4.6834e-16
8	256	256	8	5.885560194208201630731324	5.885560194208201630593	-2.3502e-20	5.885560194208201	-2.0744e-16
8	256	512	0.5	0.4976584351782923315948781	0.4976584351782923315945	-7.5978e-22	0.4976584351782923	-5.1663e-17
8	256	512	1	0.9943534368588579375781244	0.9943534368588579376016	2.3609e-20	0.9943534368588579	-2.8925e-17
8	256	512	1e-30	9.960784313725490196078431e-31	9.960784313725490195424e-31	-6.5701e-20	9.96078431372549e-31	-9.9022e-47
8	256	512	1e-300	9.960784313725490196078431e-301	9.960784194221125530466e-301	-1.1997e-8	9.960784194221124e-301	-1.195e-308
8	256	512	7.999999999	5.88556019421212319936014	5.885560194212123199392	5.4133e-21	5.885560194212123	-4.6834e-16
8	256	512	8	5.885560194208201630731324	5.885560194208201630593	-2.3502e-20	5.885560194208201	-2.0744e-16
16	1	1	0.5	0.2284429198162878858375068	0.2284429198162878858318	-2.4981e-20	0.22844291981628786	-2.0917e-17
16	1	1	1	0.4150301612590992433756523	0.4150301612590992433665	-2.2052e-20	0.4150301612590992	-4.8283e-17
16	1	1	15.999999999	0.990646617070707167332173	0.9906466170707071673359	3.7622e-21	0.9906466170707071	-5.3393e-17
16	1	1	16	0.990646617070691908310271	0.9906466170706919083287	1.8603e-20	0.9906466170706919	-4.4267e-18
16	1	1	1e-30	4.999923704890516517891203e-31	4.801299114010214448193e-31	-0.039726	4.801299114010214e-31	-1.9862e-32
16	1	1	1e-300	0.0	4.999923704890516517806e-301	4.9999e-301	4.999923704890516e-301	4.9999e-301
16	1	16	0.5	0.2284429198162878858375068	0.2284429198162878858318	-2.4981e-20	0.22844291981628786	-2.0917e-17
16	1	16	1	0.4150301612590992433756523	0.4150301612590992433665	-2.2052e-20	0.4150301612590992	-4.8283e-17
16	1	16	15.999999999	0.990646617070707167332173	0.9906466170707071673359	3.7622e-21	0.9906466170707071	-5.3393e-17
16	1	16	16	0.990646617070691908310271	0.9906466170706919083287	1.8603e-20	0.9906466170706919	-4.4267e-18
16	1	16	1e-30	4.999923704890516517891203e-31	4.801299114010214448193e-31	-0.039726	4.801299114010214e-31	-1.9862e-32
16	1	16	1e-300	0.0	4.999923704890516517806e-301	4.9999e-301	4.999923704890516e-301	4.9999e-301
16	1	32	0.5	0.2284429198162878858375068	0.2284429198162878858318	-2.4981e-20	0.22844291981628786	-2.0917e-17
16	1	32	1	0.4150301612590992433756523	0.4150301612590992433665	-2.2052e-20	0.4150301612590992	-4.8283e-17
16	1	32	15.999999999	0.990646617070707167332173	0.9906466170707071673359	3.7622e-21	0.9906466170707071	-5.3393e-17
16	1	32	16	0.990646617070691908310271	0.9906466170706919083287	1.8603e-20	0.9906466170706919	-4.4267e-18
16	1	32	1e-30	4.999923704890516517891203e-31	4.801299114010214448193e-31	-0.039726	4.801299114010214e-31	-1.9862e-32
16	1	32	1e-300	0.0	4.999923704890516517806e-301	4.9999e-301	4.999923704890516e-301	4.9999e-301
16	8	1	0.5	0.2284429198162878858375068	0.2284429198162878858318	-2.4981e-20	0.22844291981628786	-2.0917e-17
16	8	1	1	0.4150301612590992433756523	0.4150301612590992433665	-2.2052e-20	0.4150301612590992	-4.8283e-17
16	8	1	15.999999999	0.990646617070707167332173	0.9906466170707071673359	3.7622e-21	0.9906466170707071	-5.3393e-17
16	8	1	16	0.990646617070691908310271	0.9906466170706919083287	1.8603e-20	0.9906466170706919	-4.4267e-18
16	8	1	1e-30	4.999923704890516517891203e-31	4.801299114010214448193e-31	-0.039726	4.801299114010214e-31	-1.9862e-32
16	8	1	1e-300	0.0	4.999923704890516517806e-301	4.9999e-301	4.999923704890516e-301	4.9999e-301
16	8	1	8	0.9943536081723257777148221	0.9943536081723257777018	-1.3096e-20	0.9943536081723258	-1.3023e-17
16	8	8	0.5	0.4976675389642613063916201	0.4976675389642613063913	-6.4325e-22	0.4976675389642613	-4.0661e-18
16	8	8	1	0.9943753651480885636982906	0.9943753651480885637019	3.6298e-21	0.9943753651480886	-1.1218e-17
16	8	8	15.999999999	7.727213964035059038167919	7.727213964035059038173	6.5757e-22	7.727213964035059	-2.5847e-16
16	8	8	16	7.727213964035043779146017	7.727213964035043779112	-4.4022e-21	7.727213964035044	-9.8479e-17
16	8	8	1e-30	9.960936903944457160296025e-31	9.780424121131918320456e-31	-0.018122	9.780424121131918e-31	-1.8051e-32
16	8	8	1e-300	0.0	9.960936903944457159894e-301	9.9609e-301	9.960936903944457e-301	9.9609e-301
16	8	8	8	7.002809533586824068765123	7.002809533586824068847	1.1692e-20	7.002809533586824	-3.9283e-16
16	8	16	0.5	0.4976675389642613063916201	0.4976675389642613063913	-6.4325e-22	0.4976675389642613	-4.0661e-18
16	8	16	1	0.9943753651480885636982906	0.9943753651480885637019	3.6298e-21	0.9943753651480886	-1.1218e-17
16	8	16	15.999999999	7.727213964035059038167919	7.727213964035059038173	6.5757e-22	7.727213964035059	-2.5847e-16
16	8	16	16	7.727213964035043779146017	7.727213964035043779112	-4.4022e-21	7.727213964035044	-9.8479e-17
16	8	16	1e-30	9.960936903944457160296025e-31	9.780424121131918320456e-31	-0.018122	9.780424121131918e-31	-1.8051e-32
16	8	16	1e-300	0.0	9.960936903944457159894e-301	9.9609e-301	9.960936903944457e-301	9.9609e-301
16	8	16	8	7.002809533586824068765123	7.002809533586824068847	1.1692e-20	7.002809533586824	-3.9283e-16
16	8	32	0.5	0.4976675389642613063916201	0.4976675389642613063913	-6.4325e-22	0.4976675389642613	-4.0661e-18
16	8	32	1	0.9943753651480885636982906	0.9943753651480885637019	3.6298e-21	0.9943753651480886	-1.1218e-17
16	8	32	15.999999999	7.727213964035059038167919	7.727213964035059038173	6.5757e-22	7.727213964035059	-2.5847e-16
16	8	32	16	7.727213964035043779146017	7.727213964035043779112	-4.4022e-21	7.727213964035044	-9.8479e-17
16	8	32	1e-30	9.960936903944457160296025e-31	9.780424121131918320456e-31	-0.018122	9.780424121131918e-31	-1.8051e-32
16	8	32	1e-300	0.0	9.960936903944457159894e-301	9.9609e-301	9.960936903944457e-301	9.9609e-301
16	8	32	8	7.002809533586824068765123	7.002809533586824068847	1.1692e-20	7.002809533586824	-3.9283e-16
16	16	1	0.5	0.2284429198162878858375068	0.2284429198162878858318	-2.4981e-20	0.22844291981628786	-2.0917e-17
16	16	1	1	0.4150301612590992433756523	0.4150301612590992433665	-2.2052e-20	0.4150301612590992	-4.8283e-17
16	16	1	15.999999999	0.990646617070707167332173	0.9906466170707071673359	3.7622e-21	0.9906466170707071	-5.3393e-17
16	16	1	16	0.990646617070691908310271	0.9906466170706919083287	1.8603e-20	0.9906466170706919	-4.4267e-18
16	16	1	1e-30	4.999923704890516517891203e-31	4.801299114010214448193e-31	-0.039726	4.801299114010214e-31	-1.9862e-32
16	16	1	1e-300	0.0	4.999923704890516517806e-301	4.9999e-301	4.999923704890516e-301	4.9999e-301
16	16	16	0.5	0.4999908814837293041746973	0.4999908814837293041658	-1.7795e-20	0.4999908814837293	-2.7195e-17
16	16	16	1	0.9999779860527360444979835	0.9999779860527360444847	-1.3284e-20	0.999977986052736	-2.1372e-17
16	16	16	15.999999999	13.48660019252885045298128	13.48660019252885045298	-9.4828e-23	13.486600192528849	-1.4459e-15
16	16	16	16	13.48660019252883519395938	13.48660019252883519435	2.8964e-20	13.486600192528835	-3.9772e-16
16	16	16	1e-30	9.999847409781033035782406e-31	9.780424121131918320456e-31	-0.021943	9.780424121131918e-31	-2.1942e-32
16	16	16	1e-300	0.0	9.999847409781033035612e-301	9.9998e-301	9.999847409781032e-301	9.9998e-301
16	16	32	0.5	0.4999908814837293041746973	0.4999908814837293041658	-1.7795e-20	0.4999908814837293	-2.7195e-17
16	16	32	1	0.9999779860527360444979835	0.9999779860527360444847	-1.3284e-20	0.999977986052736	-2.1372e-17
16	16	32	15.999999999	13.48660019252885045298128	13.48660019252885045298	-9.4828e-23	13.486600192528849	-1.4459e-15
16	16	32	16	13.48660019252883519395938	13.48660019252883519435	2.8964e-20	13.486600192528835	-3.9772e-16
16	16	32	1e-30	9.999847409781033035782406e-31	9.780424121131918320456e-31	-0.021943	9.780424121131918e-31	-2.1942e-32
16	16	32	1e-300	0.0	9.999847409781033035612e-301	9.9998e-301	9.999847409781032e-301	9.9998e-301
16	32	1	0.5	0.2284429198162878858375068	0.2284429198162878858318	-2.4981e-20	0.22844291981628786	-2.0917e-17
16	32	1	1	0.4150301612590992433756523	0.4150301612590992433665	-2.2052e-20	0.4150301612590992	-4.8283e-17
16	32	1	15.999999999	0.990646617070707167332173	0.9906466170707071673359	3.7622e-21	0.9906466170707071	-5.3393e-17
16	32	1	16	0.990646617070691908310271	0.9906466170706919083287	1.8603e-20	0.9906466170706919	-4.4267e-18
16	32	1	1e-30	4.999923704890516517891203e-31	4.801299114010214448193e-31	-0.039726	4.801299114010214e-31	-1.9862e-32
16	32	1	1e-300	0.0	4.999923704890516517806e-301	4.9999e-301	4.999923704890516e-301	4.9999e-301
16	32	16	0.5	0.4999908814837293041746973	0.4999908814837293041658	-1.7795e-20	0.4999908814837293	-2.7195e-17
16	32	16	1	0.9999779860527360444979835	0.9999779860527360444847	-1.3284e-20	0.999977986052736	-2.1372e-17
16	32	16	15.999999999	13.48660019252885045298128	13.48660019252885045298	-9.4828e-23	13.486600192528849	-1.4459e-15
16	32	16	16	13.48660019252883519395938	13.48660019252883519435	2.8964e-20	13.486600192528835	-3.9772e-16
16	32	16	1e-30	9.999847409781033035782406e-31	9.780424121131918320456e-31	-0.021943	9.780424121131918e-31	-2.1942e-32
16	32	16	1e-300	0.0	9.999847409781033035612e-301	9.9998e-301	9.999847409781032e-301	9.9998e-301
16	32	32	0.5	0.4999908814837293041746973	0.4999908814837293041658	-1.7795e-20	0.4999908814837293	-2.7195e-17
16	32	32	1	0.9999779860527360444979835	0.9999779860527360444847	-1.3284e-20	0.999977986052736	-2.1372e-17
16	32	32	15.999999999	13.48660019252885045298128	13.48660019252885045298	-9.4828e-23	13.486600192528849	-1.4459e-15
16	32	32	16	13.48660019252883519395938	13.48660019252883519435	2.8964e-20	13.486600192528835	-3.9772e-16
16	32	32	1e-30	9.999847409781033035782406e-31	9.780424121131918320456e-31	-0.021943	9.780424121131918e-31	-2.1942e-32
16	32	32	1e-300	0.0	9.999847409781033035612e-301	9.9998e-301	9.999847409781032e-301	9.9998e-301
16	32	64	0.5	0.4999908814837293041746973	0.4999908814837293041658	-1.7795e-20	0.4999908814837293	-2.7195e-17
16	32	64	1	0.9999779860527360444979835	0.9999779860527360444847	-1.3284e-20	0.999977986052736	-2.1372e-17
16	32	64	15.999999999	13.48660019252885045298128	13.48660019252885045298	-9.4828e-23	13.486600192528849	-1.4459e-15
16	32	64	16	13.48660019252883519395938	13.48660019252883519435	2.8964e-20	13.486600192528835	-3.9772e-16
16	32	64	1e-30	9.999847409781033035782406e-31	9.780424121131918320456e-31	-0.021943	9.780424121131918e-31	-2.1942e-32
16	32	64	1e-300	0.0	9.999847409781033035612e-301	9.9998e-301	9.999847409781032e-301	9.9998e-301
16	64	1	0.5	0.2284429198162878858375068	0.2284429198162878858318	-2.4981e-20	0.22844291981628786	-2.0917e-17
16	64	1	1	0.4150301612590992433756523	0.4150301612590992433665	-2.2052e-20	0.4150301612590992	-4.8283e-17
16	64	1	15.999999999	0.990646617070707167332173	0.9906466170707071673359	3.7622e-21	0.9906466170707071	-5.3393e-17
16	64	1	16	0.990646617070691908310271	0.9906466170706919083287	1.8603e-20	0.9906466170706919	-4.4267e-18
16	64	1	1e-30	4.999923704890516517891203e-31	4.999923659426784823744e-31	-9.0929e-9	4.999923659426784e-31	-4.5464e-39
16	64	1	1e-300	0.0	4.999923647933238861008e-301	4.9999e-301	4.999923647933239e-301	4.9999e-301
16	64	16	0.5	0.4999908814837293041746973	0.4999908814837293041658	-1.7795e-20	0.4999908814837293	-2.7195e-17
16	64	16	1	0.9999779860527360444979835	0.9999779860527360444847	-1.3284e-20	0.999977986052736	-2.1372e-17
16	64	16	15.999999999	13.48660019252885045298128	13.48660019252885045298	-9.4828e-23	13.486600192528849	-1.4459e-15
16	64	16	16	13.48660019252883519395938	13.48660019252883519435	2.8964e-20	13.486600192528835	-3.9772e-16
16	64	16	1e-30	9.999847409781033035782406e-31	9.999847361250566410806e-31	-4.8531e-9	9.999847361250565e-31	-4.853e-39
16	64	16	1e-300	0.0	9.999847295866477722017e-301	9.9998e-301	9.999847295866477e-301	9.9998e-301
16	64	64	0.5	0.4999908814837293041746973	0.4999908814837293041658	-1.7795e-20	0.4999908814837293	-2.7195e-17
16	64	64	1	0.9999779860527360444979835	0.9999779860527360444847	-1.3284e-20	0.999977986052736	-2.1372e-17
16	64	64	15.999999999	13.48660019252885045298128	13.48660019252885045298	-9.4828e-23	13.486600192528849	-1.4459e-15
16	64	64	16	13.48660019252883519395938	13.48660019252883519435	2.8964e-20	13.486600192528835	-3.9772e-16
16	64	64	1e-30	9.999847409781033035782406e-31	9.999847361250566410806e-31	-4.8531e-9	9.999847361250565e-31	-4.853e-39
16	64	64	1e-300	0.0	9.999847295866477722017e-301	9.9998e-301	9.999847295866477e-301	9.9998e-301
16	64	128	0.5	0.4999908814837293041746973	0.4999908814837293041658	-1.7795e-20	0.4999908814837293	-2.7195e-17
16	64	128	1	0.9999779860527360444979835	0.9999779860527360444847	-1.3284e-20	0.999977986052736	-2.1372e-17
16	64	128	15.999999999	13.48660019252885045298128	13.48660019252885045298	-9.4828e-23	13.486600192528849	-1.4459e-15
16	64	128	16	13.48660019252883519395938	13.48660019252883519435	2.8964e-20	13.486600192528835	-3.9772e-16
16	64	128	1e-30	9.999847409781033035782406e-31	9.999847361250566410806e-31	-4.8531e-9	9.999847361250565e-31	-4.853e-39
16	64	128	1e-300	0.0	9.999847295866477722017e-301	9.9998e-301	9.999847295866477e-301	9.9998e-301
16	128	1	0.5	0.2284429198162878858375068	0.2284429198162878858318	-2.4981e-20	0.22844291981628786	-2.0917e-17
16	128	1	1	0.4150301612590992433756523	0.4150301612590992433665	-2.2052e-20	0.4150301612590992	-4.8283e-17
16	128	1	15.999999999	0.990646617070707167332173	0.9906466170707071673359	3.7622e-21	0.9906466170707071	-5.3393e-17
16	128	1	16	0.990646617070691908310271	0.9906466170706919083287	1.8603e-20	0.9906466170706919	-4.4267e-18
16	128	1	1e-30	4.999923704890516517891203e-31	4.999923704890516517776e-31	-2.3041e-20	4.999923704890516e-31	-4.2519e-47
16	128	1	1e-300	0.0	4.999923647933238861008e-301	4.9999e-301	4.999923647933239e-301	4.9999e-301
16	128	16	0.5	0.4999908814837293041746973	0.4999908814837293041658	-1.7795e-20	0.4999908814837293	-2.7195e-17
16	128	16	1	0.9999779860527360444979835	0.9999779860527360444847	-1.3284e-20	0.999977986052736	-2.1372e-17
16	128	16	15.999999999	13.48660019252885045298128	13.48660019252885045298	-9.4828e-23	13.486600192528849	-1.4459e-15
16	128	16	16	13.48660019252883519395938	13.48660019252883519435	2.8964e-20	13.486600192528835	-3.9772e-16
16	128	16	1e-30	9.999847409781033035782406e-31	9.999847409781033035553e-31	-2.2941e-20	9.999847409781032e-31	-8.5038e-47
16	128	16	1e-300	0.0	9.999847295866477722017e-301	9.9998e-301	9.999847295866477e-301	9.9998e-301
16	128	128	0.5	0.4999908814837293041746973	0.4999908814837293041658	-1.7795e-20	0.4999908814837293	-2.7195e-17
16	128	128	1	0.9999779860527360444979835	0.9999779860527360444847	-1.3284e-20	0.999977986052736	-2.1372e-17
16	128	128	15.999999999	13.48660019252885045298128	13.48660019252885045298	-9.4828e-23	13.486600192528849	-1.4459e-15
16	128	128	16	13.48660019252883519395938	13.48660019252883519435	2.8964e-20	13.486600192528835	-3.9772e-16
16	128	128	1e-30	9.999847409781033035782406e-31	9.999847409781033035553e-31	-2.2941e-20	9.999847409781032e-31	-8.5038e-47
16	128	128	1e-300	0.0	9.999847295866477722017e-301	9.9998e-301	9.999847295866477e-301	9.9998e-301
16	128	256	0.5	0.4999908814837293041746973	0.4999908814837293041658	-1.7795e-20	0.4999908814837293	-2.7195e-17
16	128	256	1	0.9999779860527360444979835	0.9999779860527360444847	-1.3284e-20	0.999977986052736	-2.1372e-17
16	128	256	15.999999999	13.48660019252885045298128	13.48660019252885045298	-9.4828e-23	13.486600192528849	-1.4459e-15
16	128	256	16	13.48660019252883519395938	13.48660019252883519435	2.8964e-20	13.486600192528835	-3.9772e-16
16	128	256	1e-30	9.999847409781033035782406e-31	9.999847409781033035553e-31	-2.2941e-20	9.999847409781032e-31	-8.5038e-47
16	128	256	1e-300	9.999847409781033035782406e-301	9.999847295866477722017e-301	-1.1392e-8	9.999847295866477e-301	-1.1391e-308
16	256	1	0.5	0.2284429198162878858375068	0.2284429198162878858318	-2.4981e-20	0.22844291981628786	-2.0917e-17
16	256	1	1	0.4150301612590992433756523	0.4150301612590992433665	-2.2052e-20	0.4150301612590992	-4.8283e-17
16	256	1	15.999999999	0.990646617070707167332173	0.9906466170707071673359	3.7622e-21	0.9906466170707071	-5.3393e-17
16	256	1	16	0.990646617070691908310271	0.9906466170706919083287	1.8603e-20	0.9906466170706919	-4.4267e-18
16	256	1	1e-30	4.999923704890516517891203e-31	4.999923704890516517776e-31	-2.3041e-20	4.999923704890516e-31	-4.2519e-47
16	256	1	1e-300	4.999923704890516517891203e-301	4.999923647933238861008e-301	-1.1392e-8	4.999923647933239e-301	-5.6957e-309
16	256	16	0.5	0.4999908814837293041746973	0.4999908814837293041658	-1.7795e-20	0.4999908814837293	-2.7195e-17
16	256	16	1	0.9999779860527360444979835	0.9999779860527360444847	-1.3284e-20	0.999977986052736	-2.1372e-17
16	256	16	15.999999999	13.48660019252885045298128	13.48660019252885045298	-9.4828e-23	13.486600192528849	-1.4459e-15
16	256	16	16	13.48660019252883519395938	13.48660019252883519435	2.8964e-20	13.486600192528835	-3.9772e-16
16	256	16	1e-30	9.999847409781033035782406e-31	9.999847409781033035553e-31	-2.2941e-20	9.999847409781032e-31	-8.5038e-47
16	256	16	1e-300	9.999847409781033035782406e-301	9.999847295866477722017e-301	-1.1392e-8	9.999847295866477e-301	-1.1391e-308
16	256	256	0.5	0.4999908814837293041746973	0.4999908814837293041658	-1.7795e-20	0.4999908814837293	-2.7195e-17
16	256	256	1	0.9999779860527360444979835	0.9999779860527360444847	-1.3284e-20	0.999977986052736	-2.1372e-17
16	256	256	15.999999999	13.48660019252885045298128	13.48660019252885045298	-9.4828e-23	13.486600192528849	-1.4459e-15
16	256	256	16	13.48660019252883519395938	13.48660019252883519435	2.8964e-20	13.486600192528835	-3.9772e-16
16	256	256	1e-30	9.999847409781033035782406e-31	9.999847409781033035553e-31	-2.2941e-20	9.999847409781032e-31	-8.5038e-47
16	256	256	1e-300	9.999847409781033035782406e-301	9.999847295866477722017e-301	-1.1392e-8	9.999847295866477e-301	-1.1391e-308
16	256	512	0.5	0.4999908814837293041746973	0.4999908814837293041658	-1.7795e-20	0.4999908814837293	-2.7195e-17
16	256	512	1	0.9999779860527360444979835	0.9999779860527360444847	-1.3284e-20	0.999977986052736	-2.1372e-17
16	256	512	15.999999999	13.48660019252885045298128	13.48660019252885045298	-9.4828e-23	13.486600192528849	-1.4459e-15
16	256	512	16	13.48660019252883519395938	13.48660019252883519435	2.8964e-20	13.486600192528835	-3.9772e-16
16	256	512	1e-30	9.999847409781033035782406e-31	9.999847409781033035553e-31	-2.2941e-20	9.999847409781032e-31	-8.5038e-47
16	256	512	1e-300	9.999847409781033035782406e-301	9.999847295866477722017e-301	-1.1392e-8	9.999847295866477e-301	-1.1391e-308
63	1	1	0.5	0.2284466968363880273295507	0.2284466968363880273279	-7.2256e-21	0.22844669683638802	-8.2822e-18
63	1	1	1	0.415037499278843818494122	0.4150374992788438184988	1.1271e-20	0.4150374992788438	-5.1724e-18
63	1	1	1e-30	4.999999999999999999457899e-31	4.999999762035974602178e-31	-4.7593e-8	4.999999762035974e-31	-2.3796e-38
63	1	1	1e-300	0.0	4.996461150561910709584e-301	4.9965e-301	4.99646115056191e-301	4.9965e-301
63	1	1	62.999999999	0.9999999992090074344955493	0.9999999992090074344992	3.6507e-21	0.9999999992090074	-3.9244e-17
63	1	1	63	0.9999999992090074344955493	0.9999999992090074344992	3.6507e-21	0.9999999992090074	-3.9244e-17
63	1	63	0.5	0.2284466968363880273295507	0.2284466968363880273279	-7.2256e-21	0.22844669683638802	-8.2822e-18
63	1	63	1	0.415037499278843818494122	0.4150374992788438184988	1.1271e-20	0.4150374992788438	-5.1724e-18
63	1	63	1e-30	4.999999999999999999457899e-31	4.999999762035974602178e-31	-4.7593e-8	4.999999762035974e-31	-2.3796e-38
63	1	63	1e-300	0.0	4.996461150561910709584e-301	4.9965e-301	4.99646115056191e-301	4.9965e-301
63	1	63	62.999999999	0.9999999992090074344955493	0.9999999992090074344992	3.6507e-21	0.9999999992090074	-3.9244e-17
63	1	63	63	0.9999999992090074344955493	0.9999999992090074344992	3.6507e-21	0.9999999992090074	-3.9244e-17
63	1	126	0.5	0.2284466968363880273295507	0.2284466968363880273279	-7.2256e-21	0.22844669683638802	-8.2822e-18
63	1	126	1	0.415037499278843818494122	0.4150374992788438184988	1.1271e-20	0.4150374992788438	-5.1724e-18
63	1	126	1e-30	4.999999999999999999457899e-31	4.999999762035974602178e-31	-4.7593e-8	4.999999762035974e-31	-2.3796e-38
63	1	126	1e-300	0.0	4.996461150561910709584e-301	4.9965e-301	4.99646115056191e-301	4.9965e-301
63	1	126	62.999999999	0.9999999992090074344955493	0.9999999992090074344992	3.6507e-21	0.9999999992090074	-3.9244e-17
63	1	126	63	0.9999999992090074344955493	0.9999999992090074344992	3.6507e-21	0.9999999992090074	-3.9244e-17
63	31	1	0.5	0.2284466968363880273295507	0.2284466968363880273279	-7.2256e-21	0.22844669683638802	-8.2822e-18
63	31	1	1	0.415037499278843818494122	0.4150374992788438184988	1.1271e-20	0.4150374992788438	-5.1724e-18
63	31	1	1e-30	4.999999999999999999457899e-31	4.999999762035974602178e-31	-4.7593e-8	4.999999762035974e-31	-2.3796e-38
63	31	1	1e-300	0.0	4.996461150561910709584e-301	4.9965e-301	4.99646115056191e-301	4.9965e-301
63	31	1	31	0.9999999993281927700671538	0.9999999993281927700909	2.3746e-20	0.9999999993281927	-4.6543e-17
63	31	1	62.999999999	0.9999999992090074344955493	0.9999999992090074344992	3.6507e-21	0.9999999992090074	-3.9244e-17
63	31	1	63	0.9999999992090074344955493	0.9999999992090074344992	3.6507e-21	0.9999999992090074	-3.9244e-17
63	31	31	0.5	0.4999999997217283340883518	0.4999999997217283340903	3.8965e-21	0.4999999997217283	-1.7562e-17
63	31	31	1	0.9999999993281927702235711	0.9999999993281927701993	-2.4271e-20	0.9999999993281927	-4.6699e-17
63	31	31	1e-30	9.999999995343387126922607e-31	9.999999693659936256767e-31	-3.0168e-8	9.999999693659935e-31	-3.0168e-38
63	31	31	1e-300	0.0	9.992922301123821419168e-301	9.9929e-301	9.99292230112382e-301	9.9929e-301
63	31	31	31	30.00000000033590361492732	30.00000000033590361568	2.5089e-20	30.000000000335902	-1.642e-15
63	31	31	62.999999999	30.99985569497202274462378	30.99985569497202274498	1.1491e-20	30.99985569497202	-3.0961e-15
63	31	31	63	30.99985569497202274462378	30.99985569497202274498	1.1491e-20	30.99985569497202	-3.0961e-15
63	31	63	0.5	0.4999999997217283340883518	0.4999999997217283340903	3.8965e-21	0.4999999997217283	-1.7562e-17
63	31	63	1	0.9999999993281927702235711	0.9999999993281927701993	-2.4271e-20	0.9999999993281927	-4.6699e-17
63	31	63	1e-30	9.999999995343387126922607e-31	9.999999693659936256767e-31	-3.0168e-8	9.999999693659935e-31	-3.0168e-38
63	31	63	1e-300	0.0	9.992922301123821419168e-301	9.9929e-301	9.99292230112382e-301	9.9929e-301
63	31	63	31	30.00000000033590361492732	30.00000000033590361568	2.5089e-20	30.000000000335902	-1.642e-15
63	31	63	62.999999999	30.99985569497202274462378	30.99985569497202274498	1.1491e-20	30.99985569497202	-3.0961e-15
63	31	63	63	30.99985569497202274462378	30.99985569497202274498	1.1491e-20	30.99985569497202	-3.0961e-15
63	31	126	0.5	0.4999999997217283340883518	0.4999999997217283340903	3.8965e-21	0.4999999997217283	-1.7562e-17
63	31	126	1	0.9999999993281927702235711	0.9999999993281927701993	-2.4271e-20	0.9999999993281927	-4.6699e-17
63	31	126	1e-30	9.999999995343387126922607e-31	9.999999693659936256767e-31	-3.0168e-8	9.999999693659935e-31	-3.0168e-38
63	31	126	1e-300	0.0	9.992922301123821419168e-301	9.9929e-301	9.99292230112382e-301	9.9929e-301
63	31	126	31	30.00000000033590361492732	30.00000000033590361568	2.5089e-20	30.000000000335902	-1.642e-15
63	31	126	62.999999999	30.99985569497202274462378	30.99985569497202274498	1.1491e-20	30.99985569497202	-3.0961e-15
63	31	126	63	30.99985569497202274462378	30.99985569497202274498	1.1491e-20	30.99985569497202	-3.0961e-15
63	63	1	0.5	0.2284466968363880273295507	0.2284466968363880273279	-7.2256e-21	0.22844669683638802	-8.2822e-18
63	63	1	1	0.415037499278843818494122	0.4150374992788438184988	1.1271e-20	0.4150374992788438	-5.1724e-18
63	63	1	1e-30	4.999999999999999999457899e-31	4.999999762035974602178e-31	-4.7593e-8	4.999999762035974e-31	-2.3796e-38
63	63	1	1e-300	0.0	4.996461150561910709584e-301	4.9965e-301	4.99646115056191e-301	4.9965e-301
63	63	1	62.999999999	0.9999999992090074344955493	0.9999999992090074344992	3.6507e-21	0.9999999992090074	-3.9244e-17
63	63	1	63	0.9999999992090074344955493	0.9999999992090074344992	3.6507e-21	0.9999999992090074	-3.9244e-17
63	63	63	0.5	0.4999999999999999999352098	0.4999999999999999999457	2.098e-20	0.49999999999999994	-5.5446e-17
63	63	63	1	0.9999999999999999998435827	0.9999999999999999998373	-6.2827e-21	0.9999999999999999	-1.1087e-16
63	63	63	1e-30	9.999999999999999998915798e-31	9.999999693659936256767e-31	-3.0634e-8	9.999999693659935e-31	-3.0634e-38
63	63	63	1e-300	0.0	9.992922301123821419168e-301	9.9929e-301	9.99292230112382e-301	9.9929e-301
63	63	63	62.999999999	59.62908215248384173185644	59.62908215248384173265	1.3308e-20	59.62908215248384	-2.4799e-15
63	63	63	63	59.62908215248384173185644	59.62908215248384173265	1.3308e-20	59.62908215248384	-2.4799e-15
63	63	126	0.5	0.4999999999999999999352098	0.4999999999999999999457	2.098e-20	0.49999999999999994	-5.5446e-17
63	63	126	1	0.9999999999999999998435827	0.9999999999999999998373	-6.2827e-21	0.9999999999999999	-1.1087e-16
63	63	126	1e-30	9.999999999999999998915798e-31	9.999999693659936256767e-31	-3.0634e-8	9.999999693659935e-31	-3.0634e-38
63	63	126	1e-300	0.0	9.992922301123821419168e-301	9.9929e-301	9.99292230112382e-301	9.9929e-301
63	63	126	62.999999999	59.62908215248384173185644	59.62908215248384173265	1.3308e-20	59.62908215248384	-2.4799e-15
63	63	126	63	59.62908215248384173185644	59.62908215248384173265	1.3308e-20	59.62908215248384	-2.4799e-15
63	64	1	0.5	0.2284466968363880273295507	0.2284466968363880273279	-7.2256e-21	0.22844669683638802	-8.2822e-18
63	64	1	1	0.415037499278843818494122	0.4150374992788438184988	1.1271e-20	0.4150374992788438	-5.1724e-18
63	64	1	1e-30	4.999999999999999999457899e-31	4.999999974020958417478e-31	-5.1958e-9	4.999999974020958e-31	-2.5979e-39
63	64	1	1e-300	0.0	4.999999887879994261172e-301	5.0e-301	4.999999887879994e-301	5.0e-301
63	64	1	62.999999999	0.9999999992090074344955493	0.9999999992090074344992	3.6507e-21	0.9999999992090074	-3.9244e-17
63	64	1	63	0.9999999992090074344955493	0.9999999992090074344992	3.6507e-21	0.9999999992090074	-3.9244e-17
63	64	63	0.5	0.4999999999999999999352098	0.4999999999999999999457	2.098e-20	0.49999999999999994	-5.5446e-17
63	64	63	1	0.9999999999999999998435827	0.9999999999999999998373	-6.2827e-21	0.9999999999999999	-1.1087e-16
63	64	63	1e-30	9.999999999999999998915798e-31	9.999999948041916834956e-31	-5.1958e-9	9.999999948041915e-31	-5.1958e-39
63	64	63	1e-300	0.0	9.99999985601256405474e-301	1.0e-300	9.999999856012563e-301	1.0e-300
63	64	63	62.999999999	59.62908215248384173185644	59.62908215248384173265	1.3308e-20	59.62908215248384	-2.4799e-15
63	64	63	63	59.62908215248384173185644	59.62908215248384173265	1.3308e-20	59.62908215248384	-2.4799e-15
63	64	64	0.5	0.4999999999999999999352098	0.4999999999999999999457	2.098e-20	0.49999999999999994	-5.5446e-17
63	64	64	1	0.9999999999999999998435827	0.9999999999999999998373	-6.2827e-21	0.9999999999999999	-1.1087e-16
63	64	64	1e-30	9.999999999999999998915798e-31	9.999999948041916834956e-31	-5.1958e-9	9.999999948041915e-31	-5.1958e-39
63	64	64	1e-300	0.0	9.99999985601256405474e-301	1.0e-300	9.999999856012563e-301	1.0e-300
63	64	64	62.999999999	59.62908215248384173185644	59.62908215248384173265	1.3308e-20	59.62908215248384	-2.4799e-15
63	64	64	63	59.62908215248384173185644	59.62908215248384173265	1.3308e-20	59.62908215248384	-2.4799e-15
63	64	128	0.5	0.4999999999999999999352098	0.4999999999999999999457	2.098e-20	0.49999999999999994	-5.5446e-17
63	64	128	1	0.9999999999999999998435827	0.9999999999999999998373	-6.2827e-21	0.9999999999999999	-1.1087e-16
63	64	128	1e-30	9.999999999999999998915798e-31	9.999999948041916834956e-31	-5.1958e-9	9.999999948041915e-31	-5.1958e-39
63	64	128	1e-300	0.0	9.99999985601256405474e-301	1.0e-300	9.999999856012563e-301	1.0e-300
63	64	128	62.999999999	59.62908215248384173185644	59.62908215248384173265	1.3308e-20	59.62908215248384	-2.4799e-15
63	64	128	63	59.62908215248384173185644	59.62908215248384173265	1.3308e-20	59.62908215248384	-2.4799e-15
63	126	1	0.5	0.2284466968363880273295507	0.2284466968363880273279	-7.2256e-21	0.22844669683638802	-8.2822e-18
63	126	1	1	0.415037499278843818494122	0.4150374992788438184988	1.1271e-20	0.4150374992788438	-5.1724e-18
63	126	1	1e-30	4.999999999999999999457899e-31	4.999999999999999999303e-31	-3.098e-20	4.9999999999999995e-31	-4.5859e-47
63	126	1	1e-300	0.0	4.996461150561910709584e-301	4.9965e-301	4.99646115056191e-301	4.9965e-301
63	126	1	62.999999999	0.9999999992090074344955493	0.9999999992090074344992	3.6507e-21	0.9999999992090074	-3.9244e-17
63	126	1	63	0.9999999992090074344955493	0.9999999992090074344992	3.6507e-21	0.9999999992090074	-3.9244e-17
63	126	63	0.5	0.4999999999999999999352098	0.4999999999999999999457	2.098e-20	0.49999999999999994	-5.5446e-17
63	126	63	1	0.9999999999999999998435827	0.9999999999999999998373	-6.2827e-21	0.9999999999999999	-1.1087e-16
63	126	63	1e-30	9.999999999999999998915798e-31	9.999999999999999998606e-31	-3.098e-20	9.999999999999999e-31	-9.1717e-47
63	126	63	1e-300	0.0	9.992922301123821419168e-301	9.9929e-301	9.99292230112382e-301	9.9929e-301
63	126	63	62.999999999	59.62908215248384173185644	59.62908215248384173265	1.3308e-20	59.62908215248384	-2.4799e-15
63	126	63	63	59.62908215248384173185644	59.62908215248384173265	1.3308e-20	59.62908215248384	-2.4799e-15
63	126	126	0.5	0.4999999999999999999352098	0.4999999999999999999457	2.098e-20	0.49999999999999994	-5.5446e-17
63	126	126	1	0.9999999999999999998435827	0.9999999999999999998373	-6.2827e-21	0.9999999999999999	-1.1087e-16
63	126	126	1e-30	9.999999999999999998915798e-31	9.999999999999999998606e-31	-3.098e-20	9.999999999999999e-31	-9.1717e-47
63	126	126	1e-300	0.0	9.992922301123821419168e-301	9.9929e-301	9.99292230112382e-301	9.9929e-301
63	126	126	62.999999999	59.62908215248384173185644	59.62908215248384173265	1.3308e-20	59.62908215248384	-2.4799e-15
63	126	126	63	59.62908215248384173185644	59.62908215248384173265	1.3308e-20	59.62908215248384	-2.4799e-15
63	126	252	0.5	0.4999999999999999999352098	0.4999999999999999999457	2.098e-20	0.49999999999999994	-5.5446e-17
63	126	252	1	0.9999999999999999998435827	0.9999999999999999998373	-6.2827e-21	0.9999999999999999	-1.1087e-16
63	126	252	1e-30	9.999999999999999998915798e-31	9.999999999999999998606e-31	-3.098e-20	9.999999999999999e-31	-9.1717e-47
63	126	252	1e-300	9.999999999999999998915798e-301	9.992922301123821419168e-301	-0.00070777	9.99292230112382e-301	-7.0777e-304
63	126	252	62.999999999	59.62908215248384173185644	59.62908215248384173265	1.3308e-20	59.62908215248384	-2.4799e-15
63	126	252	63	59.62908215248384173185644	59.62908215248384173265	1.3308e-20	59.62908215248384	-2.4799e-15
63	128	1	0.5	0.2284466968363880273295507	0.2284466968363880273279	-7.2256e-21	0.22844669683638802	-8.2822e-18
63	128	1	1	0.415037499278843818494122	0.4150374992788438184988	1.1271e-20	0.4150374992788438	-5.1724e-18
63	128	1	1e-30	4.999999999999999999457899e-31	4.999999999999999999303e-31	-3.098e-20	4.9999999999999995e-31	-4.5859e-47
63	128	1	1e-300	0.0	4.999999887879994261172e-301	5.0e-301	4.999999887879994e-301	5.0e-301
63	128	1	62.999999999	0.9999999992090074344955493	0.9999999992090074344992	3.6507e-21	0.9999999992090074	-3.9244e-17
63	128	1	63	0.9999999992090074344955493	0.9999999992090074344992	3.6507e-21	0.9999999992090074	-3.9244e-17
63	128	63	0.5	0.4999999999999999999352098	0.4999999999999999999457	2.098e-20	0.49999999999999994	-5.5446e-17
63	128	63	1	0.9999999999999999998435827	0.9999999999999999998373	-6.2827e-21	0.9999999999999999	-1.1087e-16
63	128	63	1e-30	9.999999999999999998915798e-31	9.999999999999999998606e-31	-3.098e-20	9.999999999999999e-31	-9.1717e-47
63	128	63	1e-300	0.0	9.99999985601256405474e-301	1.0e-300	9.999999856012563e-301	1.0e-300
63	128	63	62.999999999	59.62908215248384173185644	59.62908215248384173265	1.3308e-20	59.62908215248384	-2.4799e-15
63	128	63	63	59.62908215248384173185644	59.62908215248384173265	1.3308e-20	59.62908215248384	-2.4799e-15
63	128	128	0.5	0.4999999999999999999352098	0.4999999999999999999457	2.098e-20	0.49999999999999994	-5.5446e-17
63	128	128	1	0.9999999999999999998435827	0.9999999999999999998373	-6.2827e-21	0.9999999999999999	-1.1087e-16
63	128	128	1e-30	9.999999999999999998915798e-31	9.999999999999999998606e-31	-3.098e-20	9.999999999999999e-31	-9.1717e-47
63	128	128	1e-300	0.0	9.99999985601256405474e-301	1.0e-300	9.999999856012563e-301	1.0e-300
63	128	128	62.999999999	59.62908215248384173185644	59.62908215248384173265	1.3308e-20	59.62908215248384	-2.4799e-15
63	128	128	63	59.62908215248384173185644	59.62908215248384173265	1.3308e-20	59.62908215248384	-2.4799e-15
63	128	256	0.5	0.4999999999999999999352098	0.4999999999999999999457	2.098e-20	0.49999999999999994	-5.5446e-17
63	128	256	1	0.9999999999999999998435827	0.9999999999999999998373	-6.2827e-21	0.9999999999999999	-1.1087e-16
63	128	256	1e-30	9.999999999999999998915798e-31	9.999999999999999998606e-31	-3.098e-20	9.999999999999999e-31	-9.1717e-47
63	128	256	1e-300	9.999999999999999998915798e-301	9.99999985601256405474e-301	-1.4399e-8	9.999999856012563e-301	-1.4399e-308
63	128	256	62.999999999	59.62908215248384173185644	59.62908215248384173265	1.3308e-20	59.62908215248384	-2.4799e-15
63	128	256	63	59.62908215248384173185644	59.62908215248384173265	1.3308e-20	59.62908215248384	-2.4799e-15
63	256	1	0.5	0.2284466968363880273295507	0.2284466968363880273279	-7.2256e-21	0.22844669683638802	-8.2822e-18
63	256	1	1	0.415037499278843818494122	0.4150374992788438184988	1.1271e-20	0.4150374992788438	-5.1724e-18
63	256	1	1e-30	4.999999999999999999457899e-31	4.999999999999999999303e-31	-3.098e-20	4.9999999999999995e-31	-4.5859e-47
63	256	1	1e-300	4.999999999999999999457899e-301	4.999999887879994261172e-301	-2.2424e-8	4.999999887879994e-301	-1.1212e-308
63	256	1	62.999999999	0.9999999992090074344955493	0.9999999992090074344992	3.6507e-21	0.9999999992090074	-3.9244e-17
63	256	1	63	0.9999999992090074344955493	0.9999999992090074344992	3.6507e-21	0.9999999992090074	-3.9244e-17
63	256	63	0.5	0.4999999999999999999352098	0.4999999999999999999457	2.098e-20	0.49999999999999994	-5.5446e-17
63	256	63	1	0.9999999999999999998435827	0.9999999999999999998373	-6.2827e-21	0.9999999999999999	-1.1087e-16
63	256	63	1e-30	9.999999999999999998915798e-31	9.999999999999999998606e-31	-3.098e-20	9.999999999999999e-31	-9.1717e-47
63	256	63	1e-300	9.999999999999999998915798e-301	9.99999985601256405474e-301	-1.4399e-8	9.999999856012563e-301	-1.4399e-308
63	256	63	62.999999999	59.62908215248384173185644	59.62908215248384173265	1.3308e-20	59.62908215248384	-2.4799e-15
63	256	63	63	59.62908215248384173185644	59.62908215248384173265	1.3308e-20	59.62908215248384	-2.4799e-15
63	256	256	0.5	0.4999999999999999999352098	0.4999999999999999999457	2.098e-20	0.49999999999999994	-5.5446e-17
63	256	256	1	0.9999999999999999998435827	0.9999999999999999998373	-6.2827e-21	0.9999999999999999	-1.1087e-16
63	256	256	1e-30	9.999999999999999998915798e-31	9.999999999999999998606e-31	-3.098e-20	9.999999999999999e-31	-9.1717e-47
63	256	256	1e-300	9.999999999999999998915798e-301	9.99999985601256405474e-301	-1.4399e-8	9.999999856012563e-301	-1.4399e-308
63	256	256	62.999999999	59.62908215248384173185644	59.62908215248384173265	1.3308e-20	59.62908215248384	-2.4799e-15
63	256	256	63	59.62908215248384173185644	59.62908215248384173265	1.3308e-20	59.62908215248384	-2.4799e-15
63	256	512	0.5	0.4999999999999999999352098	0.4999999999999999999457	2.098e-20	0.49999999999999994	-5.5446e-17
63	256	512	1	0.9999999999999999998435827	0.9999999999999999998373	-6.2827e-21	0.9999999999999999	-1.1087e-16
63	256	512	1e-30	9.999999999999999998915798e-31	9.999999999999999998606e-31	-3.098e-20	9.999999999999999e-31	-9.1717e-47
63	256	512	1e-300	9.999999999999999998915798e-301	9.99999985601256405474e-301	-1.4399e-8	9.999999856012563e-301	-1.4399e-308
63	256	512	62.999999999	59.62908215248384173185644	59.62908215248384173265	1.3308e-20	59.62908215248384	-2.4799e-15
63	256	512	63	59.62908215248384173185644	59.62908215248384173265	1.3308e-20	59.62908215248384	-2.4799e-15
64	1	1	0.5	0.2284466968363880273429691	0.2284466968363880273414	-6.8688e-21	0.22844669683638802	-8.2956e-18
64	1	1	1	0.4150374992788438185201915	0.4150374992788438185259	1.3754e-20	0.4150374992788438	-5.1984e-18
64	1	1	1e-30	4.999999999999999999728949e-31	4.999999974020958417478e-31	-5.1958e-9	4.999999974020958e-31	-2.5979e-39
64	1	1	1e-300	0.0	4.999999887879994261172e-301	5.0e-301	4.999999887879994e-301	5.0e-301
64	1	1	63.999999999	0.9999999994406837930187494	0.9999999994406837930437	2.4951e-20	0.9999999994406837	-5.2992e-17
64	1	1	64	0.9999999994406837930187494	0.9999999994406837930437	2.4951e-20	0.9999999994406837	-5.2992e-17
64	1	64	0.5	0.2284466968363880273429691	0.2284466968363880273414	-6.8688e-21	0.22844669683638802	-8.2956e-18
64	1	64	1	0.4150374992788438185201915	0.4150374992788438185259	1.3754e-20	0.4150374992788438	-5.1984e-18
64	1	64	1e-30	4.999999999999999999728949e-31	4.999999974020958417478e-31	-5.1958e-9	4.999999974020958e-31	-2.5979e-39
64	1	64	1e-300	0.0	4.999999887879994261172e-301	5.0e-301	4.999999887879994e-301	5.0e-301
64	1	64	63.999999999	0.9999999994406837930187494	0.9999999994406837930437	2.4951e-20	0.9999999994406837	-5.2992e-17
64	1	64	64	0.9999999994406837930187494	0.9999999994406837930437	2.4951e-20	0.9999999994406837	-5.2992e-17
64	1	128	0.5	0.2284466968363880273429691	0.2284466968363880273414	-6.8688e-21	0.22844669683638802	-8.2956e-18
64	1	128	1	0.4150374992788438185201915	0.4150374992788438185259	1.3754e-20	0.4150374992788438	-5.1984e-18
64	1	128	1e-30	4.999999999999999999728949e-31	4.999999974020958417478e-31	-5.1958e-9	4.999999974020958e-31	-2.5979e-39
64	1	128	1e-300	0.0	4.999999887879994261172e-301	5.0e-301	4.999999887879994e-301	5.0e-301
64	1	128	63.999999999	0.9999999994406837930187494	0.9999999994406837930437	2.4951e-20	0.9999999994406837	-5.2992e-17
64	1	128	64	0.9999999994406837930187494	0.9999999994406837930437	2.4951e-20	0.9999999994406837	-5.2992e-17
64	32	1	0.5	0.2284466968363880273429691	0.2284466968363880273414	-6.8688e-21	0.22844669683638802	-8.2956e-18
64	32	1	1	0.4150374992788438185201915	0.4150374992788438185259	1.3754e-20	0.4150374992788438	-5.1984e-18
64	32	1	1e-30	4.999999999999999999728949e-31	4.999999974020958417478e-31	-5.1958e-9	4.999999974020958e-31	-2.5979e-39
64	32	1	1e-300	0.0	4.999999887879994261172e-301	5.0e-301	4.999999887879994e-301	5.0e-301
64	32	1	32	0.9999999996640963849944726	0.9999999996640963850183	2.3827e-20	0.9999999996640964	-2.3232e-17
64	32	1	63.999999999	0.9999999994406837930187494	0.9999999994406837930437	2.4951e-20	0.9999999994406837	-5.2992e-17
64	32	1	64	0.9999999994406837930187494	0.9999999994406837930437	2.4951e-20	0.9999999994406837	-5.2992e-17
64	32	32	0.5	0.4999999998608641670374666	0.4999999998608641670451	1.5267e-20	0.49999999986086413	-3.653e-17
64	32	32	1	0.9999999996640963850726812	0.9999999996640963850725	-1.8121e-22	0.9999999996640964	-2.331e-17
64	32	32	1e-30	9.999999997671693563461304e-31	9.999999948041916834956e-31	-4.963e-9	9.999999948041915e-31	-4.963e-39
64	32	32	1e-300	0.0	9.99999985601256405474e-301	1.0e-300	9.999999856012563e-301	1.0e-300
64	32	32	32	31.00000000016795180745388	31.00000000016795180697	-1.5609e-20	31.00000000016795	-8.21e-16
64	32	32	63.999999999	31.99985338606228451805402	31.99985338606228451804	-4.3806e-22	31.999853386062284	-2.7409e-16
64	32	32	64	31.99985338606228451805402	31.99985338606228451804	-4.3806e-22	31.999853386062284	-2.7409e-16
64	32	64	0.5	0.4999999998608641670374666	0.4999999998608641670451	1.5267e-20	0.49999999986086413	-3.653e-17
64	32	64	1	0.9999999996640963850726812	0.9999999996640963850725	-1.8121e-22	0.9999999996640964	-2.331e-17
64	32	64	1e-30	9.999999997671693563461304e-31	9.999999948041916834956e-31	-4.963e-9	9.999999948041915e-31	-4.963e-39
64	32	64	1e-300	0.0	9.99999985601256405474e-301	1.0e-300	9.999999856012563e-301	1.0e-300
64	32	64	32	31.00000000016795180745388	31.00000000016795180697	-1.5609e-20	31.00000000016795	-8.21e-16
64	32	64	63.999999999	31.99985338606228451805402	31.99985338606228451804	-4.3806e-22	31.999853386062284	-2.7409e-16
64	32	64	64	31.99985338606228451805402	31.99985338606228451804	-4.3806e-22	31.999853386062284	-2.7409e-16
64	32	128	0.5	0.4999999998608641670374666	0.4999999998608641670451	1.5267e-20	0.49999999986086413	-3.653e-17
64	32	128	1	0.9999999996640963850726812	0.9999999996640963850725	-1.8121e-22	0.9999999996640964	-2.331e-17
64	32	128	1e-30	9.999999997671693563461304e-31	9.999999948041916834956e-31	-4.963e-9	9.999999948041915e-31	-4.963e-39
64	32	128	1e-300	0.0	9.99999985601256405474e-301	1.0e-300	9.999999856012563e-301	1.0e-300
64	32	128	32	31.00000000016795180745388	31.00000000016795180697	-1.5609e-20	31.00000000016795	-8.21e-16
64	32	128	63.999999999	31.99985338606228451805402	31.99985338606228451804	-4.3806e-22	31.999853386062284	-2.7409e-16
64	32	128	64	31.99985338606228451805402	31.99985338606228451804	-4.3806e-22	31.999853386062284	-2.7409e-16
64	64	1	0.5	0.2284466968363880273429691	0.2284466968363880273414	-6.8688e-21	0.22844669683638802	-8.2956e-18
64	64	1	1	0.4150374992788438185201915	0.4150374992788438185259	1.3754e-20	0.4150374992788438	-5.1984e-18
64	64	1	1e-30	4.999999999999999999728949e-31	4.999999974020958417478e-31	-5.1958e-9	4.999999974020958e-31	-2.5979e-39
64	64	1	1e-300	0.0	4.999999887879994261172e-301	5.0e-301	4.999999887879994e-301	5.0e-301
64	64	1	63.999999999	0.9999999994406837930187494	0.9999999994406837930437	2.4951e-20	0.9999999994406837	-5.2992e-17
64	64	1	64	0.9999999994406837930187494	0.9999999994406837930437	2.4951e-20	0.9999999994406837	-5.2992e-17
64	64	64	0.5	0.4999999999999999999676049	0.4999999999999999999728	1.039e-20	0.49999999999999994	-5.5479e-17
64	64	64	1	0.9999999999999999999217913	0.9999999999999999999457	2.3909e-20	0.9999999999999999	-1.1094e-16
64	64	64	1e-30	9.999999999999999999457899e-31	9.999999948041916834956e-31	-5.1958e-9	9.999999948041915e-31	-5.1958e-39
64	64	64	1e-300	0.0	9.99999985601256405474e-301	1.0e-300	9.999999856012563e-301	1.0e-300
64	64	64	63.999999999	60.61881629318113144888637	60.61881629318113145002	1.8701e-20	60.618816293181126	-5.151e-15
64	64	64	64	60.61881629318113144888637	60.61881629318113145002	1.8701e-20	60.618816293181126	-5.151e-15
64	64	128	0.5	0.4999999999999999999676049	0.4999999999999999999728	1.039e-20	0.49999999999999994	-5.5479e-17
64	64	128	1	0.9999999999999999999217913	0.9999999999999999999457	2.3909e-20	0.9999999999999999	-1.1094e-16
64	64	128	1e-30	9.999999999999999999457899e-31	9.999999948041916834956e-31	-5.1958e-9	9.999999948041915e-31	-5.1958e-39
64	64	128	1e-300	0.0	9.99999985601256405474e-301	1.0e-300	9.999999856012563e-301	1.0e-300
64	64	128	63.999999999	60.61881629318113144888637	60.61881629318113145002	1.8701e-20	60.618816293181126	-5.151e-15
64	64	128	64	60.61881629318113144888637	60.61881629318113145002	1.8701e-20	60.618816293181126	-5.151e-15
64	128	1	0.5	0.2284466968363880273429691	0.2284466968363880273414	-6.8688e-21	0.22844669683638802	-8.2956e-18
64	128	1	1	0.4150374992788438185201915	0.4150374992788438185259	1.3754e-20	0.4150374992788438	-5.1984e-18
64	128	1	1e-30	4.999999999999999999728949e-31	4.999999999999999999303e-31	-8.519e-20	4.9999999999999995e-31	-4.5886e-47
64	128	1	1e-300	0.0	4.999999887879994261172e-301	5.0e-301	4.999999887879994e-301	5.0e-301
64	128	1	63.999999999	0.9999999994406837930187494	0.9999999994406837930437	2.4951e-20	0.9999999994406837	-5.2992e-17
64	128	1	64	0.9999999994406837930187494	0.9999999994406837930437	2.4951e-20	0.9999999994406837	-5.2992e-17
64	128	64	0.5	0.4999999999999999999676049	0.4999999999999999999728	1.039e-20	0.49999999999999994	-5.5479e-17
64	128	64	1	0.9999999999999999999217913	0.9999999999999999999457	2.3909e-20	0.9999999999999999	-1.1094e-16
64	128	64	1e-30	9.999999999999999999457899e-31	9.999999999999999998606e-31	-8.519e-20	9.999999999999999e-31	-9.1772e-47
64	128	64	1e-300	0.0	9.99999985601256405474e-301	1.0e-300	9.999999856012563e-301	1.0e-300
64	128	64	63.999999999	60.61881629318113144888637	60.61881629318113145002	1.8701e-20	60.618816293181126	-5.151e-15
64	128	64	64	60.61881629318113144888637	60.61881629318113145002	1.8701e-20	60.618816293181126	-5.151e-15
64	128	128	0.5	0.4999999999999999999676049	0.4999999999999999999728	1.039e-20	0.49999999999999994	-5.5479e-17
64	128	128	1	0.9999999999999999999217913	0.9999999999999999999457	2.3909e-20	0.9999999999999999	-1.1094e-16
64	128	128	1e-30	9.999999999999999999457899e-31	9.999999999999999998606e-31	-8.519e-20	9.999999999999999e-31	-9.1772e-47
64	128	128	1e-300	0.0	9.99999985601256405474e-301	1.0e-300	9.999999856012563e-301	1.0e-300
64	128	128	63.999999999	60.61881629318113144888637	60.61881629318113145002	1.8701e-20	60.618816293181126	-5.151e-15
64	128	128	64	60.61881629318113144888637	60.61881629318113145002	1.8701e-20	60.618816293181126	-5.151e-15
64	128	256	0.5	0.4999999999999999999676049	0.4999999999999999999728	1.039e-20	0.49999999999999994	-5.5479e-17
64	128	256	1	0.9999999999999999999217913	0.9999999999999999999457	2.3909e-20	0.9999999999999999	-1.1094e-16
64	128	256	1e-30	9.999999999999999999457899e-31	9.999999999999999998606e-31	-8.519e-20	9.999999999999999e-31	-9.1772e-47
64	128	256	1e-300	9.999999999999999999457899e-301	9.99999985601256405474e-301	-1.4399e-8	9.999999856012563e-301	-1.4399e-308
64	128	256	63.999999999	60.61881629318113144888637	60.61881629318113145002	1.8701e-20	60.618816293181126	-5.151e-15
64	128	256	64	60.61881629318113144888637	60.61881629318113145002	1.8701e-20	60.618816293181126	-5.151e-15
64	256	1	0.5	0.2284466968363880273429691	0.2284466968363880273414	-6.8688e-21	0.22844669683638802	-8.2956e-18
64	256	1	1	0.4150374992788438185201915	0.4150374992788438185259	1.3754e-20	0.4150374992788438	-5.1984e-18
64	256	1	1e-30	4.999999999999999999728949e-31	4.999999999999999999303e-31	-8.519e-20	4.9999999999999995e-31	-4.5886e-47
64	256	1	1e-300	4.999999999999999999728949e-301	4.999999887879994261172e-301	-2.2424e-8	4.999999887879994e-301	-1.1212e-308
64	256	1	63.999999999	0.9999999994406837930187494	0.9999999994406837930437	2.4951e-20	0.9999999994406837	-5.2992e-17
64	256	1	64	0.9999999994406837930187494	0.9999999994406837930437	2.4951e-20	0.9999999994406837	-5.2992e-17
64	256	64	0.5	0.4999999999999999999676049	0.4999999999999999999728	1.039e-20	0.49999999999999994	-5.5479e-17
64	256	64	1	0.9999999999999999999217913	0.9999999999999999999457	2.3909e-20	0.9999999999999999	-1.1094e-16
64	256	64	1e-30	9.999999999999999999457899e-31	9.999999999999999998606e-31	-8.519e-20	9.999999999999999e-31	-9.1772e-47
64	256	64	1e-300	9.999999999999999999457899e-301	9.99999985601256405474e-301	-1.4399e-8	9.999999856012563e-301	-1.4399e-308
64	256	64	63.999999999	60.61881629318113144888637	60.61881629318113145002	1.8701e-20	60.618816293181126	-5.151e-15
64	256	64	64	60.61881629318113144888637	60.61881629318113145002	1.8701e-20	60.618816293181126	-5.151e-15
64	256	256	0.5	0.4999999999999999999676049	0.4999999999999999999728	1.039e-20	0.49999999999999994	-5.5479e-17
64	256	256	1	0.9999999999999999999217913	0.9999999999999999999457	2.3909e-20	0.9999999999999999	-1.1094e-16
64	256	256	1e-30	9.999999999999999999457899e-31	9.999999999999999998606e-31	-8.519e-20	9.999999999999999e-31	-9.1772e-47
64	256	256	1e-300	9.999999999999999999457899e-301	9.99999985601256405474e-301	-1.4399e-8	9.999999856012563e-301	-1.4399e-308
64	256	256	63.999999999	60.61881629318113144888637	60.61881629318113145002	1.8701e-20	60.618816293181126	-5.151e-15
64	256	256	64	60.61881629318113144888637	60.61881629318113145002	1.8701e-20	60.618816293181126	-5.151e-15
64	256	512	0.5	0.4999999999999999999676049	0.4999999999999999999728	1.039e-20	0.49999999999999994	-5.5479e-17
64	256	512	1	0.9999999999999999999217913	0.9999999999999999999457	2.3909e-20	0.9999999999999999	-1.1094e-16
64	256	512	1e-30	9.999999999999999999457899e-31	9.999999999999999998606e-31	-8.519e-20	9.999999999999999e-31	-9.1772e-47
64	256	512	1e-300	9.999999999999999999457899e-301	9.99999985601256405474e-301	-1.4399e-8	9.999999856012563e-301	-1.4399e-308
64	256	512	63.999999999	60.61881629318113144888637	60.61881629318113145002	1.8701e-20	60.618816293181126	-5.151e-15
64	256	512	64	60.61881629318113144888637	60.61881629318113145002	1.8701e-20	60.618816293181126	-5.151e-15
65	1	1	0.5	0.2284466968363880273496784	0.228446696836388027355	2.3295e-20	0.22844669683638802	-8.3023e-18
65	1	1	1	0.4150374992788438185332263	0.4150374992788438185259	-1.7652e-20	0.4150374992788438	-5.2115e-18
65	1	1	1e-30	4.999999999999999999864475e-31	4.999999984620207608307e-31	-3.076e-9	4.999999984620207e-31	-1.538e-39
65	1	1	1e-300	0.0	4.999999999999219772724e-301	5.0e-301	4.999999999999219e-301	5.0e-301
65	1	1	64.999999999	0.9999999996045037171935645	0.9999999996045037171953	1.7355e-21	0.9999999996045037	-1.9568e-17
65	1	1	65	0.9999999996045037171935645	0.9999999996045037171953	1.7355e-21	0.9999999996045037	-1.9568e-17
65	1	65	0.5	0.2284466968363880273496784	0.228446696836388027355	2.3295e-20	0.22844669683638802	-8.3023e-18
65	1	65	1	0.4150374992788438185332263	0.4150374992788438185259	-1.7652e-20	0.4150374992788438	-5.2115e-18
65	1	65	1e-30	4.999999999999999999864475e-31	4.999999984620207608307e-31	-3.076e-9	4.999999984620207e-31	-1.538e-39
65	1	65	1e-300	0.0	4.999999999999219772724e-301	5.0e-301	4.999999999999219e-301	5.0e-301
65	1	65	64.999999999	0.9999999996045037171935645	0.9999999996045037171953	1.7355e-21	0.9999999996045037	-1.9568e-17
65	1	65	65	0.9999999996045037171935645	0.9999999996045037171953	1.7355e-21	0.9999999996045037	-1.9568e-17
65	1	130	0.5	0.2284466968363880273496784	0.228446696836388027355	2.3295e-20	0.22844669683638802	-8.3023e-18
65	1	130	1	0.4150374992788438185332263	0.4150374992788438185259	-1.7652e-20	0.4150374992788438	-5.2115e-18
65	1	130	1e-30	4.999999999999999999864475e-31	4.999999984620207608307e-31	-3.076e-9	4.999999984620207e-31	-1.538e-39
65	1	130	1e-300	0.0	4.999999999999219772724e-301	5.0e-301	4.999999999999219e-301	5.0e-301
65	1	130	64.999999999	0.9999999996045037171935645	0.9999999996045037171953	1.7355e-21	0.9999999996045037	-1.9568e-17
65	1	130	65	0.9999999996045037171935645	0.9999999996045037171953	1.7355e-21	0.9999999996045037	-1.9568e-17
65	32	1	0.5	0.2284466968363880273496784	0.228446696836388027355	2.3295e-20	0.22844669683638802	-8.3023e-18
65	32	1	1	0.4150374992788438185332263	0.4150374992788438185259	-1.7652e-20	0.4150374992788438	-5.2115e-18
65	32	1	1e-30	4.999999999999999999864475e-31	4.999999984620207608307e-31	-3.076e-9	4.999999984620207e-31	-1.538e-39
65	32	1	1e-300	0.0	4.999999999999219772724e-301	5.0e-301	4.999999999999219e-301	5.0e-301
65	32	1	32	0.9999999996640963850335769	0.9999999996640963850183	-1.5277e-20	0.9999999996640964	-2.3271e-17
65	32	1	64.999999999	0.9999999996045037171935645	0.9999999996045037171953	1.7355e-21	0.9999999996045037	-1.9568e-17
65	32	1	65	0.9999999996045037171935645	0.9999999996045037171953	1.7355e-21	0.9999999996045037	-1.9568e-17
65	32	32	0.5	0.4999999998608641670374666	0.4999999998608641670451	1.5267e-20	0.49999999986086413	-3.653e-17
65	32	32	1	0.9999999996640963850726812	0.9999999996640963850725	-1.8121e-22	0.9999999996640964	-2.331e-17
65	32	32	1e-30	9.999999997671693563461304e-31	9.999999979839664407871e-31	-1.7832e-9	9.999999979839663e-31	-1.7832e-39
65	32	32	1e-300	0.0	9.999999997670556457188e-301	1.0e-300	9.999999997670556e-301	1.0e-300
65	32	32	32	31.00000000016795180747344	31.00000000016795180697	-1.624e-20	31.00000000016795	-8.2102e-16
65	32	32	64.999999999	31.99989632674753761230994	31.99989632674753761189	-1.3123e-20	31.999896326747535	-2.2434e-15
65	32	32	65	31.99989632674753761230994	31.99989632674753761189	-1.3123e-20	31.999896326747535	-2.2434e-15
65	32	65	0.5	0.4999999998608641670374666	0.4999999998608641670451	1.5267e-20	0.49999999986086413	-3.653e-17
65	32	65	1	0.9999999996640963850726812	0.9999999996640963850725	-1.8121e-22	0.9999999996640964	-2.331e-17
65	32	65	1e-30	9.999999997671693563461304e-31	9.999999979839664407871e-31	-1.7832e-9	9.999999979839663e-31	-1.7832e-39
65	32	65	1e-300	0.0	9.999999997670556457188e-301	1.0e-300	9.999999997670556e-301	1.0e-300
65	32	65	32	31.00000000016795180747344	31.00000000016795180697	-1.624e-20	31.00000000016795	-8.2102e-16
65	32	65	64.999999999	31.99989632674753761230994	31.99989632674753761189	-1.3123e-20	31.999896326747535	-2.2434e-15
65	32	65	65	31.99989632674753761230994	31.99989632674753761189	-1.3123e-20	31.999896326747535	-2.2434e-15
65	32	130	0.5	0.4999999998608641670374666	0.4999999998608641670451	1.5267e-20	0.49999999986086413	-3.653e-17
65	32	130	1	0.9999999996640963850726812	0.9999999996640963850725	-1.8121e-22	0.9999999996640964	-2.331e-17
65	32	130	1e-30	9.999999997671693563461304e-31	9.999999979839664407871e-31	-1.7832e-9	9.999999979839663e-31	-1.7832e-39
65	32	130	1e-300	0.0	9.999999997670556457188e-301	1.0e-300	9.999999997670556e-301	1.0e-300
65	32	130	32	31.00000000016795180747344	31.00000000016795180697	-1.624e-20	31.00000000016795	-8.2102e-16
65	32	130	64.999999999	31.99989632674753761230994	31.99989632674753761189	-1.3123e-20	31.999896326747535	-2.2434e-15
65	32	130	65	31.99989632674753761230994	31.99989632674753761189	-1.3123e-20	31.999896326747535	-2.2434e-15
65	64	1	0.5	0.2284466968363880273496784	0.228446696836388027355	2.3295e-20	0.22844669683638802	-8.3023e-18
65	64	1	1	0.4150374992788438185332263	0.4150374992788438185259	-1.7652e-20	0.4150374992788438	-5.2115e-18
65	64	1	1e-30	4.999999999999999999864475e-31	4.999999984620207608307e-31	-3.076e-9	4.999999984620207e-31	-1.538e-39
65	64	1	1e-300	0.0	4.999999999999219772724e-301	5.0e-301	4.999999999999219e-301	5.0e-301
65	64	1	64	0.9999999996045037172326689	0.9999999996045037172496	1.6931e-20	0.9999999996045037	-1.9607e-17
65	64	1	64.999999999	0.9999999996045037171935645	0.9999999996045037171953	1.7355e-21	0.9999999996045037	-1.9568e-17
65	64	1	65	0.9999999996045037171935645	0.9999999996045037171953	1.7355e-21	0.9999999996045037	-1.9568e-17
65	64	64	0.5	0.4999999999999999999676049	0.4999999999999999999728	1.039e-20	0.49999999999999994	-5.5479e-17
65	64	64	1	0.9999999999999999999217913	0.9999999999999999999457	2.3909e-20	0.9999999999999999	-1.1094e-16
65	64	64	1e-30	9.999999999999999999457899e-31	9.999999979839664407871e-31	-2.016e-9	9.999999979839663e-31	-2.016e-39
65	64	64	1e-300	0.0	9.999999999998439545449e-301	1.0e-300	9.999999999998439e-301	1.0e-300
65	64	64	64	61.06257332586579694376293	61.06257332586579694364	-2.0131e-21	61.06257332586579	-5.2702e-15
65	64	64	64.999999999	61.06257332586579694372382	61.06257332586579694364	-1.3727e-21	61.06257332586579	-5.2702e-15
65	64	64	65	61.06257332586579694372382	61.06257332586579694364	-1.3727e-21	61.06257332586579	-5.2702e-15
65	64	65	0.5	0.4999999999999999999676049	0.4999999999999999999728	1.039e-20	0.49999999999999994	-5.5479e-17
65	64	65	1	0.9999999999999999999217913	0.9999999999999999999457	2.3909e-20	0.9999999999999999	-1.1094e-16
65	64	65	1e-30	9.999999999999999999457899e-31	9.999999979839664407871e-31	-2.016e-9	9.999999979839663e-31	-2.016e-39
65	64	65	1e-300	0.0	9.999999999998439545449e-301	1.0e-300	9.999999999998439e-301	1.0e-300
65	64	65	64	61.06257332586579694376293	61.06257332586579694364	-2.0131e-21	61.06257332586579	-5.2702e-15
65	64	65	64.999999999	61.06257332586579694372382	61.06257332586579694364	-1.3727e-21	61.06257332586579	-5.2702e-15
65	64	65	65	61.06257332586579694372382	61.06257332586579694364	-1.3727e-21	61.06257332586579	-5.2702e-15
65	64	130	0.5	0.4999999999999999999676049	0.4999999999999999999728	1.039e-20	0.49999999999999994	-5.5479e-17
65	64	130	1	0.9999999999999999999217913	0.9999999999999999999457	2.3909e-20	0.9999999999999999	-1.1094e-16
65	64	130	1e-30	9.999999999999999999457899e-31	9.999999979839664407871e-31	-2.016e-9	9.999999979839663e-31	-2.016e-39
65	64	130	1e-300	0.0	9.999999999998439545449e-301	1.0e-300	9.999999999998439e-301	1.0e-300
65	64	130	64	61.06257332586579694376293	61.06257332586579694364	-2.0131e-21	61.06257332586579	-5.2702e-15
65	64	130	64.999999999	61.06257332586579694372382	61.06257332586579694364	-1.3727e-21	61.06257332586579	-5.2702e-15
65	64	130	65	61.06257332586579694372382	61.06257332586579694364	-1.3727e-21	61.06257332586579	-5.2702e-15
65	65	1	0.5	0.2284466968363880273496784	0.228446696836388027355	2.3295e-20	0.22844669683638802	-8.3023e-18
65	65	1	1	0.4150374992788438185332263	0.4150374992788438185259	-1.7652e-20	0.4150374992788438	-5.2115e-18
65	65	1	1e-30	4.999999999999999999864475e-31	4.999999984620207608307e-31	-3.076e-9	4.999999984620207e-31	-1.538e-39
65	65	1	1e-300	0.0	4.999999999999219772724e-301	5.0e-301	4.999999999999219e-301	5.0e-301
65	65	1	64.999999999	0.9999999996045037171935645	0.9999999996045037171953	1.7355e-21	0.9999999996045037	-1.9568e-17
65	65	1	65	0.9999999996045037171935645	0.9999999996045037171953	1.7355e-21	0.9999999996045037	-1.9568e-17
65	65	65	0.5	0.4999999999999999999838025	0.4999999999999999999728	-2.2005e-20	0.49999999999999994	-5.5495e-17
65	65	65	1	0.9999999999999999999608957	0.9999999999999999999457	-1.5196e-20	0.9999999999999999	-1.1098e-16
65	65	65	1e-30	9.999999999999999999728949e-31	9.999999979839664407871e-31	-2.016e-9	9.999999979839663e-31	-2.016e-39
65	65	65	1e-300	0.0	9.999999999998439545449e-301	1.0e-300	9.999999999998439e-301	1.0e-300
65	65	65	64.999999999	61.60870201904116805105013	61.60870201904116805202	1.5742e-20	61.60870201904117	-2.2107e-16
65	65	65	65	61.60870201904116805105013	61.60870201904116805202	1.5742e-20	61.60870201904117	-2.2107e-16
65	65	130	0.5	0.4999999999999999999838025	0.4999999999999999999728	-2.2005e-20	0.49999999999999994	-5.5495e-17
65	65	130	1	0.9999999999999999999608957	0.9999999999999999999457	-1.5196e-20	0.9999999999999999	-1.1098e-16
65	65	130	1e-30	9.999999999999999999728949e-31	9.999999979839664407871e-31	-2.016e-9	9.999999979839663e-31	-2.016e-39
65	65	130	1e-300	0.0	9.999999999998439545449e-301	1.0e-300	9.999999999998439e-301	1.0e-300
65	65	130	64.999999999	61.60870201904116805105013	61.60870201904116805202	1.5742e-20	61.60870201904117	-2.2107e-16
65	65	130	65	61.60870201904116805105013	61.60870201904116805202	1.5742e-20	61.60870201904117	-2.2107e-16
65	128	1	0.5	0.2284466968363880273496784	0.228446696836388027355	2.3295e-20	0.22844669683638802	-8.3023e-18
65	128	1	1	0.4150374992788438185332263	0.4150374992788438185259	-1.7652e-20	0.4150374992788438	-5.2115e-18
65	128	1	1e-30	4.999999999999999999864475e-31	4.99999999999999999973e-31	-2.6895e-20	4.9999999999999995e-31	-4.5899e-47
65	128	1	1e-300	0.0	4.999999887879994261172e-301	5.0e-301	4.999999887879994e-301	5.0e-301
65	128	1	64.999999999	0.9999999996045037171935645	0.9999999996045037171953	1.7355e-21	0.9999999996045037	-1.9568e-17
65	128	1	65	0.9999999996045037171935645	0.9999999996045037171953	1.7355e-21	0.9999999996045037	-1.9568e-17
65	128	65	0.5	0.4999999999999999999838025	0.4999999999999999999728	-2.2005e-20	0.49999999999999994	-5.5495e-17
65	128	65	1	0.9999999999999999999608957	0.9999999999999999999457	-1.5196e-20	0.9999999999999999	-1.1098e-16
65	128	65	1e-30	9.999999999999999999728949e-31	9.999999999999999999461e-31	-2.6795e-20	9.999999999999999e-31	-9.1799e-47
65	128	65	1e-300	0.0	9.99999985601256405474e-301	1.0e-300	9.999999856012563e-301	1.0e-300
65	128	65	64.999999999	61.60870201904116805105013	61.60870201904116805202	1.5742e-20	61.60870201904117	-2.2107e-16
65	128	65	65	61.60870201904116805105013	61.60870201904116805202	1.5742e-20	61.60870201904117	-2.2107e-16
65	128	128	0.5	0.4999999999999999999838025	0.4999999999999999999728	-2.2005e-20	0.49999999999999994	-5.5495e-17
65	128	128	1	0.9999999999999999999608957	0.9999999999999999999457	-1.5196e-20	0.9999999999999999	-1.1098e-16
65	128	128	1e-30	9.999999999999999999728949e-31	9.999999999999999999461e-31	-2.6795e-20	9.999999999999999e-31	-9.1799e-47
65	128	128	1e-300	0.0	9.99999985601256405474e-301	1.0e-300	9.999999856012563e-301	1.0e-300
65	128	128	64.999999999	61.60870201904116805105013	61.60870201904116805202	1.5742e-20	61.60870201904117	-2.2107e-16
65	128	128	65	61.60870201904116805105013	61.60870201904116805202	1.5742e-20	61.60870201904117	-2.2107e-16
65	128	256	0.5	0.4999999999999999999838025	0.4999999999999999999728	-2.2005e-20	0.49999999999999994	-5.5495e-17
65	128	256	1	0.9999999999999999999608957	0.9999999999999999999457	-1.5196e-20	0.9999999999999999	-1.1098e-16
65	128	256	1e-30	9.999999999999999999728949e-31	9.999999999999999999461e-31	-2.6795e-20	9.999999999999999e-31	-9.1799e-47
65	128	256	1e-300	9.999999999999999999728949e-301	9.99999985601256405474e-301	-1.4399e-8	9.999999856012563e-301	-1.4399e-308
65	128	256	64.999999999	61.60870201904116805105013	61.60870201904116805202	1.5742e-20	61.60870201904117	-2.2107e-16
65	128	256	65	61.60870201904116805105013	61.60870201904116805202	1.5742e-20	61.60870201904117	-2.2107e-16
65	130	1	0.5	0.2284466968363880273496784	0.228446696836388027355	2.3295e-20	0.22844669683638802	-8.3023e-18
65	130	1	1	0.4150374992788438185332263	0.4150374992788438185259	-1.7652e-20	0.4150374992788438	-5.2115e-18
65	130	1	1e-30	4.999999999999999999864475e-31	4.99999999999999999973e-31	-2.6895e-20	4.9999999999999995e-31	-4.5899e-47
65	130	1	1e-300	0.0	4.999999999999219772724e-301	5.0e-301	4.999999999999219e-301	5.0e-301
65	130	1	64.999999999	0.9999999996045037171935645	0.9999999996045037171953	1.7355e-21	0.9999999996045037	-1.9568e-17
65	130	1	65	0.9999999996045037171935645	0.9999999996045037171953	1.7355e-21	0.9999999996045037	-1.9568e-17
65	130	65	0.5	0.4999999999999999999838025	0.4999999999999999999728	-2.2005e-20	0.49999999999999994	-5.5495e-17
65	130	65	1	0.9999999999999999999608957	0.9999999999999999999457	-1.5196e-20	0.9999999999999999	-1.1098e-16
65	130	65	1e-30	9.999999999999999999728949e-31	9.999999999999999999461e-31	-2.6795e-20	9.999999999999999e-31	-9.1799e-47
65	130	65	1e-300	0.0	9.999999999998439545449e-301	1.0e-300	9.999999999998439e-301	1.0e-300
65	130	65	64.999999999	61.60870201904116805105013	61.60870201904116805202	1.5742e-20	61.60870201904117	-2.2107e-16
65	130	65	65	61.60870201904116805105013	61.60870201904116805202	1.5742e-20	61.60870201904117	-2.2107e-16
65	130	130	0.5	0.4999999999999999999838025	0.4999999999999999999728	-2.2005e-20	0.49999999999999994	-5.5495e-17
65	130	130	1	0.9999999999999999999608957	0.9999999999999999999457	-1.5196e-20	0.9999999999999999	-1.1098e-16
65	130	130	1e-30	9.999999999999999999728949e-31	9.999999999999999999461e-31	-2.6795e-20	9.999999999999999e-31	-9.1799e-47
65	130	130	1e-300	0.0	9.999999999998439545449e-301	1.0e-300	9.999999999998439e-301	1.0e-300
65	130	130	64.999999999	61.60870201904116805105013	61.60870201904116805202	1.5742e-20	61.60870201904117	-2.2107e-16
65	130	130	65	61.60870201904116805105013	61.60870201904116805202	1.5742e-20	61.60870201904117	-2.2107e-16
65	130	260	0.5	0.4999999999999999999838025	0.4999999999999999999728	-2.2005e-20	0.49999999999999994	-5.5495e-17
65	130	260	1	0.9999999999999999999608957	0.9999999999999999999457	-1.5196e-20	0.9999999999999999	-1.1098e-16
65	130	260	1e-30	9.999999999999999999728949e-31	9.999999999999999999461e-31	-2.6795e-20	9.999999999999999e-31	-9.1799e-47
65	130	260	1e-300	9.999999999999999999728949e-301	9.999999999998439545449e-301	-1.5605e-13	9.999999999998439e-301	-1.5614e-313
65	130	260	64.999999999	61.60870201904116805105013	61.60870201904116805202	1.5742e-20	61.60870201904117	-2.2107e-16
65	130	260	65	61.60870201904116805105013	61.60870201904116805202	1.5742e-20	61.60870201904117	-2.2107e-16
65	256	1	0.5	0.2284466968363880273496784	0.228446696836388027355	2.3295e-20	0.22844669683638802	-8.3023e-18
65	256	1	1	0.4150374992788438185332263	0.4150374992788438185259	-1.7652e-20	0.4150374992788438	-5.2115e-18
65	256	1	1e-30	4.999999999999999999864475e-31	4.99999999999999999973e-31	-2.6895e-20	4.9999999999999995e-31	-4.5899e-47
65	256	1	1e-300	4.999999999999999999864475e-301	4.999999887879994261172e-301	-2.2424e-8	4.999999887879994e-301	-1.1212e-308
65	256	1	64.999999999	0.9999999996045037171935645	0.9999999996045037171953	1.7355e-21	0.9999999996045037	-1.9568e-17
65	256	1	65	0.9999999996045037171935645	0.9999999996045037171953	1.7355e-21	0.9999999996045037	-1.9568e-17
65	256	65	0.5	0.4999999999999999999838025	0.4999999999999999999728	-2.2005e-20	0.49999999999999994	-5.5495e-17
65	256	65	1	0.9999999999999999999608957	0.9999999999999999999457	-1.5196e-20	0.9999999999999999	-1.1098e-16
65	256	65	1e-30	9.999999999999999999728949e-31	9.999999999999999999461e-31	-2.6795e-20	9.999999999999999e-31	-9.1799e-47
65	256	65	1e-300	9.999999999999999999728949e-301	9.99999985601256405474e-301	-1.4399e-8	9.999999856012563e-301	-1.4399e-308
65	256	65	64.999999999	61.60870201904116805105013	61.60870201904116805202	1.5742e-20	61.60870201904117	-2.2107e-16
65	256	65	65	61.60870201904116805105013	61.60870201904116805202	1.5742e-20	61.60870201904117	-2.2107e-16
65	256	256	0.5	0.4999999999999999999838025	0.4999999999999999999728	-2.2005e-20	0.49999999999999994	-5.5495e-17
65	256	256	1	0.9999999999999999999608957	0.9999999999999999999457	-1.5196e-20	0.9999999999999999	-1.1098e-16
65	256	256	1e-30	9.999999999999999999728949e-31	9.999999999999999999461e-31	-2.6795e-20	9.999999999999999e-31	-9.1799e-47
65	256	256	1e-300	9.999999999999999999728949e-301	9.99999985601256405474e-301	-1.4399e-8	9.999999856012563e-301	-1.4399e-308
65	256	256	64.999999999	61.60870201904116805105013	61.60870201904116805202	1.5742e-20	61.60870201904117	-2.2107e-16
65	256	256	65	61.60870201904116805105013	61.60870201904116805202	1.5742e-20	61.60870201904117	-2.2107e-16
65	256	512	0.5	0.4999999999999999999838025	0.4999999999999999999728	-2.2005e-20	0.49999999999999994	-5.5495e-17
65	256	512	1	0.9999999999999999999608957	0.9999999999999999999457	-1.5196e-20	0.9999999999999999	-1.1098e-16
65	256	512	1e-30	9.999999999999999999728949e-31	9.999999999999999999461e-31	-2.6795e-20	9.999999999999999e-31	-9.1799e-47
65	256	512	1e-300	9.999999999999999999728949e-301	9.99999985601256405474e-301	-1.4399e-8	9.999999856012563e-301	-1.4399e-308
65	256	512	64.999999999	61.60870201904116805105013	61.60870201904116805202	1.5742e-20	61.60870201904117	-2.2107e-16
65	256	512	65	61.60870201904116805105013	61.60870201904116805202	1.5742e-20	61.60870201904117	-2.2107e-16
128	1	1	0.5	0.2284466968363880273563876	0.228446696836388027355	-6.0742e-21	0.22844669683638802	-8.309e-18
128	1	1	1	0.4150374992788438185462611	0.415037499278843818553	1.6237e-20	0.4150374992788438	-5.2245e-18
128	1	1	127.999999999	0.999999999999999999869774	0.9999999999999999998915	2.1726e-20	0.9999999999999999	-1.1089e-16
128	1	1	128	0.999999999999999999869774	0.9999999999999999998915	2.1726e-20	0.9999999999999999	-1.1089e-16
128	1	1	1e-30	5.0e-31	4.99999999999999999973e-31	-5.4e-20	4.9999999999999995e-31	-4.5913e-47
128	1	1	1e-300	0.0	4.999999887879994261172e-301	5.0e-301	4.999999887879994e-301	5.0e-301
128	1	1	65	0.9999999999999999999088784	0.9999999999999999998915	-1.7378e-20	0.9999999999999999	-1.1093e-16
128	1	128	0.5	0.2284466968363880273563876	0.228446696836388027355	-6.0742e-21	0.22844669683638802	-8.309e-18
128	1	128	1	0.4150374992788438185462611	0.415037499278843818553	1.6237e-20	0.4150374992788438	-5.2245e-18
128	1	128	127.999999999	0.999999999999999999869774	0.9999999999999999998915	2.1726e-20	0.9999999999999999	-1.1089e-16
128	1	128	128	0.999999999999999999869774	0.9999999999999999998915	2.1726e-20	0.9999999999999999	-1.1089e-16
128	1	128	1e-30	5.0e-31	4.99999999999999999973e-31	-5.4e-20	4.9999999999999995e-31	-4.5913e-47
128	1	128	1e-300	0.0	4.999999887879994261172e-301	5.0e-301	4.999999887879994e-301	5.0e-301
128	1	128	65	0.9999999999999999999088784	0.9999999999999999998915	-1.7378e-20	0.9999999999999999	-1.1093e-16
128	1	256	0.5	0.2284466968363880273563876	0.228446696836388027355	-6.0742e-21	0.22844669683638802	-8.309e-18
128	1	256	1	0.4150374992788438185462611	0.415037499278843818553	1.6237e-20	0.4150374992788438	-5.2245e-18
128	1	256	127.999999999	0.999999999999999999869774	0.9999999999999999998915	2.1726e-20	0.9999999999999999	-1.1089e-16
128	1	256	128	0.999999999999999999869774	0.9999999999999999998915	2.1726e-20	0.9999999999999999	-1.1089e-16
128	1	256	1e-30	5.0e-31	4.99999999999999999973e-31	-5.4e-20	4.9999999999999995e-31	-4.5913e-47
128	1	256	1e-300	5.0e-301	4.999999887879994261172e-301	-2.2424e-8	4.999999887879994e-301	-1.1212e-308
128	1	256	65	0.9999999999999999999088784	0.9999999999999999998915	-1.7378e-20	0.9999999999999999	-1.1093e-16
128	64	1	0.5	0.2284466968363880273563876	0.228446696836388027355	-6.0742e-21	0.22844669683638802	-8.309e-18
128	64	1	1	0.4150374992788438185462611	0.415037499278843818553	1.6237e-20	0.4150374992788438	-5.2245e-18
128	64	1	127.999999999	0.999999999999999999869774	0.9999999999999999998915	2.1726e-20	0.9999999999999999	-1.1089e-16
128	64	1	128	0.999999999999999999869774	0.9999999999999999998915	2.1726e-20	0.9999999999999999	-1.1089e-16
128	64	1	1e-30	5.0e-31	4.99999999999999999973e-31	-5.4e-20	4.9999999999999995e-31	-4.5913e-47
128	64	1	1e-300	0.0	4.999999887879994261172e-301	5.0e-301	4.999999887879994e-301	5.0e-301
128	64	1	64	0.9999999999999999999217913	0.9999999999999999999457	2.3909e-20	0.9999999999999999	-1.1094e-16
128	64	64	0.5	0.4999999999999999999676049	0.4999999999999999999728	1.039e-20	0.49999999999999994	-5.5479e-17
128	64	64	1	0.9999999999999999999217913	0.9999999999999999999457	2.3909e-20	0.9999999999999999	-1.1094e-16
128	64	64	127.999999999	63.99999999683602974058428	63.99999999683602974059	8.9339e-23	63.999999996836024	-5.4887e-15
128	64	64	128	63.99999999683602974058428	63.99999999683602974059	8.9339e-23	63.999999996836024	-5.4887e-15
128	64	64	1e-30	9.999999999999999999457899e-31	9.999999999999999998606e-31	-8.519e-20	9.999999999999999e-31	-9.1772e-47
128	64	64	1e-300	0.0	9.99999985601256405474e-301	1.0e-300	9.999999856012563e-301	1.0e-300
128	64	64	64	63.0000000000000000000391	63	-6.207e-22	63.0	-3.9104e-20
128	64	128	0.5	0.4999999999999999999676049	0.4999999999999999999728	1.039e-20	0.49999999999999994	-5.5479e-17
128	64	128	1	0.9999999999999999999217913	0.9999999999999999999457	2.3909e-20	0.9999999999999999	-1.1094e-16
128	64	128	127.999999999	63.99999999683602974058428	63.99999999683602974059	8.9339e-23	63.999999996836024	-5.4887e-15
128	64	128	128	63.99999999683602974058428	63.99999999683602974059	8.9339e-23	63.999999996836024	-5.4887e-15
128	64	128	1e-30	9.999999999999999999457899e-31	9.999999999999999998606e-31	-8.519e-20	9.999999999999999e-31	-9.1772e-47
128	64	128	1e-300	0.0	9.99999985601256405474e-301	1.0e-300	9.999999856012563e-301	1.0e-300
128	64	128	64	63.0000000000000000000391	63	-6.207e-22	63.0	-3.9104e-20
128	64	256	0.5	0.4999999999999999999676049	0.4999999999999999999728	1.039e-20	0.49999999999999994	-5.5479e-17
128	64	256	1	0.9999999999999999999217913	0.9999999999999999999457	2.3909e-20	0.9999999999999999	-1.1094e-16
128	64	256	127.999999999	63.99999999683602974058428	63.99999999683602974059	8.9339e-23	63.999999996836024	-5.4887e-15
128	64	256	128	63.99999999683602974058428	63.99999999683602974059	8.9339e-23	63.999999996836024	-5.4887e-15
128	64	256	1e-30	9.999999999999999999457899e-31	9.999999999999999998606e-31	-8.519e-20	9.999999999999999e-31	-9.1772e-47
128	64	256	1e-300	9.999999999999999999457899e-301	9.99999985601256405474e-301	-1.4399e-8	9.999999856012563e-301	-1.4399e-308
128	64	256	64	63.0000000000000000000391	63	-6.207e-22	63.0	-3.9104e-20
128	128	1	0.5	0.2284466968363880273563876	0.228446696836388027355	-6.0742e-21	0.22844669683638802	-8.309e-18
128	128	1	1	0.4150374992788438185462611	0.415037499278843818553	1.6237e-20	0.4150374992788438	-5.2245e-18
128	128	1	127.999999999	0.999999999999999999869774	0.9999999999999999998915	2.1726e-20	0.9999999999999999	-1.1089e-16
128	128	1	128	0.999999999999999999869774	0.9999999999999999998915	2.1726e-20	0.9999999999999999	-1.1089e-16
128	128	1	1e-30	5.0e-31	4.99999999999999999973e-31	-5.4e-20	4.9999999999999995e-31	-4.5913e-47
128	128	1	1e-300	0.0	4.999999887879994261172e-301	5.0e-301	4.999999887879994e-301	5.0e-301
128	128	128	0.5	0.5	0.5	3.5123e-39	0.5	1.7561e-39
128	128	128	1	1.0	1	4.2397e-39	1.0	4.2397e-39
128	128	128	127.999999999	124.1599523847531908028398	124.1599523847531908044	1.2566e-20	124.15995238475318	-8.0614e-15
128	128	128	128	124.1599523847531908028398	124.1599523847531908044	1.2566e-20	124.15995238475318	-8.0614e-15
128	128	128	1e-30	1.0e-30	9.999999999999999999461e-31	-5.39e-20	9.999999999999999e-31	-9.1826e-47
128	128	128	1e-300	0.0	9.99999985601256405474e-301	1.0e-300	9.999999856012563e-301	1.0e-300
128	128	256	0.5	0.5	0.5	3.5123e-39	0.5	1.7561e-39
128	128	256	1	1.0	1	4.2397e-39	1.0	4.2397e-39
128	128	256	127.999999999	124.1599523847531908028398	124.1599523847531908044	1.2566e-20	124.15995238475318	-8.0614e-15
128	128	256	128	124.1599523847531908028398	124.1599523847531908044	1.2566e-20	124.15995238475318	-8.0614e-15
128	128	256	1e-30	1.0e-30	9.999999999999999999461e-31	-5.39e-20	9.999999999999999e-31	-9.1826e-47
128	128	256	1e-300	1.0e-300	9.99999985601256405474e-301	-1.4399e-8	9.999999856012563e-301	-1.4399e-308
128	256	1	0.5	0.2284466968363880273563876	0.228446696836388027355	-6.0742e-21	0.22844669683638802	-8.309e-18
128	256	1	1	0.4150374992788438185462611	0.415037499278843818553	1.6237e-20	0.4150374992788438	-5.2245e-18
128	256	1	127.999999999	0.999999999999999999869774	0.9999999999999999998915	2.1726e-20	0.9999999999999999	-1.1089e-16
128	256	1	128	0.999999999999999999869774	0.9999999999999999998915	2.1726e-20	0.9999999999999999	-1.1089e-16
128	256	1	1e-30	5.0e-31	4.99999999999999999973e-31	-5.4e-20	4.9999999999999995e-31	-4.5913e-47
128	256	1	1e-300	5.0e-301	4.999999887879994261172e-301	-2.2424e-8	4.999999887879994e-301	-1.1212e-308
128	256	128	0.5	0.5	0.5	3.5123e-39	0.5	1.7561e-39
128	256	128	1	1.0	1	4.2397e-39	1.0	4.2397e-39
128	256	128	127.999999999	124.1599523847531908028398	124.1599523847531908044	1.2566e-20	124.15995238475318	-8.0614e-15
128	256	128	128	124.1599523847531908028398	124.1599523847531908044	1.2566e-20	124.15995238475318	-8.0614e-15
128	256	128	1e-30	1.0e-30	9.999999999999999999461e-31	-5.39e-20	9.999999999999999e-31	-9.1826e-47
128	256	128	1e-300	1.0e-300	9.99999985601256405474e-301	-1.4399e-8	9.999999856012563e-301	-1.4399e-308
128	256	256	0.5	0.5	0.5	3.5123e-39	0.5	1.7561e-39
128	256	256	1	1.0	1	4.2397e-39	1.0	4.2397e-39
128	256	256	127.999999999	124.1599523847531908028398	124.1599523847531908044	1.2566e-20	124.15995238475318	-8.0614e-15
128	256	256	128	124.1599523847531908028398	124.1599523847531908044	1.2566e-20	124.15995238475318	-8.0614e-15
128	256	256	1e-30	1.0e-30	9.999999999999999999461e-31	-5.39e-20	9.999999999999999e-31	-9.1826e-47
128	256	256	1e-300	1.0e-300	9.99999985601256405474e-301	-1.4399e-8	9.999999856012563e-301	-1.4399e-308
128	256	512	0.5	0.5	0.5	3.5123e-39	0.5	1.7561e-39
128	256	512	1	1.0	1	4.2397e-39	1.0	4.2397e-39
128	256	512	127.999999999	124.1599523847531908028398	124.1599523847531908044	1.2566e-20	124.15995238475318	-8.0614e-15
128	256	512	128	124.1599523847531908028398	124.1599523847531908044	1.2566e-20	124.15995238475318	-8.0614e-15
128	256	512	1e-30	1.0e-30	9.999999999999999999461e-31	-5.39e-20	9.999999999999999e-31	-9.1826e-47
128	256	512	1e-300	1.0e-300	9.99999985601256405474e-301	-1.4399e-8	9.999999856012563e-301	-1.4399e-308
256	1	1	0.5	0.2284466968363880273563876	0.228446696836388027355	-6.0742e-21	0.22844669683638802	-8.309e-18
256	1	1	1	0.4150374992788438185462611	0.415037499278843818553	1.6237e-20	0.4150374992788438	-5.2245e-18
256	1	1	1e-30	5.0e-31	4.99999999999999999973e-31	-5.4e-20	4.9999999999999995e-31	-4.5913e-47
256	1	1	1e-300	5.0e-301	4.999999887879994261172e-301	-2.2424e-8	4.999999887879994e-301	-1.1212e-308
256	1	1	255.999999999	1.0	1	7.0596e-39	1.0	7.0596e-39
256	1	1	256	1.0	1	7.0596e-39	1.0	7.0596e-39
256	1	1	65	0.9999999999999999999608957	0.9999999999999999999457	-1.5196e-20	0.9999999999999999	-1.1098e-16
256	1	256	0.5	0.2284466968363880273563876	0.228446696836388027355	-6.0742e-21	0.22844669683638802	-8.309e-18
256	1	256	1	0.4150374992788438185462611	0.415037499278843818553	1.6237e-20	0.4150374992788438	-5.2245e-18
256	1	256	1e-30	5.0e-31	4.99999999999999999973e-31	-5.4e-20	4.9999999999999995e-31	-4.5913e-47
256	1	256	1e-300	5.0e-301	4.999999887879994261172e-301	-2.2424e-8	4.999999887879994e-301	-1.1212e-308
256	1	256	255.999999999	1.0	1	7.0596e-39	1.0	7.0596e-39
256	1	256	256	1.0	1	7.0596e-39	1.0	7.0596e-39
256	1	256	65	0.9999999999999999999608957	0.9999999999999999999457	-1.5196e-20	0.9999999999999999	-1.1098e-16
256	1	512	0.5	0.2284466968363880273563876	0.228446696836388027355	-6.0742e-21	0.22844669683638802	-8.309e-18
256	1	512	1	0.4150374992788438185462611	0.415037499278843818553	1.6237e-20	0.4150374992788438	-5.2245e-18
256	1	512	1e-30	5.0e-31	4.99999999999999999973e-31	-5.4e-20	4.9999999999999995e-31	-4.5913e-47
256	1	512	1e-300	5.0e-301	4.999999887879994261172e-301	-2.2424e-8	4.999999887879994e-301	-1.1212e-308
256	1	512	255.999999999	1.0	1	7.0596e-39	1.0	7.0596e-39
256	1	512	256	1.0	1	7.0596e-39	1.0	7.0596e-39
256	1	512	65	0.9999999999999999999608957	0.9999999999999999999457	-1.5196e-20	0.9999999999999999	-1.1098e-16
256	64	1	0.5	0.2284466968363880273563876	0.228446696836388027355	-6.0742e-21	0.22844669683638802	-8.309e-18
256	64	1	1	0.4150374992788438185462611	0.415037499278843818553	1.6237e-20	0.4150374992788438	-5.2245e-18
256	64	1	128	1.0	1	4.2397e-39	1.0	4.2397e-39
256	64	1	1e-30	5.0e-31	4.99999999999999999973e-31	-5.4e-20	4.9999999999999995e-31	-4.5913e-47
256	64	1	1e-300	5.0e-301	4.999999887879994261172e-301	-2.2424e-8	4.999999887879994e-301	-1.1212e-308
256	64	1	255.999999999	1.0	1	7.0596e-39	1.0	7.0596e-39
256	64	1	256	1.0	1	7.0596e-39	1.0	7.0596e-39
256	64	1	64	0.9999999999999999999217913	0.9999999999999999999457	2.3909e-20	0.9999999999999999	-1.1094e-16
256	64	64	0.5	0.4999999999999999999676049	0.4999999999999999999728	1.039e-20	0.49999999999999994	-5.5479e-17
256	64	64	1	0.9999999999999999999217913	0.9999999999999999999457	2.3909e-20	0.9999999999999999	-1.1094e-16
256	64	64	128	63.99999999999999999992179	64	1.222e-21	64.0	7.8209e-20
256	64	64	1e-30	9.999999999999999999457899e-31	9.999999999999999998606e-31	-8.519e-20	9.999999999999999e-31	-9.1772e-47
256	64	64	1e-300	9.999999999999999999457899e-301	9.99999985601256405474e-301	-1.4399e-8	9.999999856012563e-301	-1.4399e-308
256	64	64	255.999999999	64.0	64	2.68e-30	64.0	1.7152e-28
256	64	64	256	64.0	64	2.68e-30	64.0	1.7152e-28
256	64	64	64	63.0000000000000000000391	63	-6.207e-22	63.0	-3.9104e-20
256	64	256	0.5	0.4999999999999999999676049	0.4999999999999999999728	1.039e-20	0.49999999999999994	-5.5479e-17
256	64	256	1	0.9999999999999999999217913	0.9999999999999999999457	2.3909e-20	0.9999999999999999	-1.1094e-16
256	64	256	128	63.99999999999999999992179	64	1.222e-21	64.0	7.8209e-20
256	64	256	1e-30	9.999999999999999999457899e-31	9.999999999999999998606e-31	-8.519e-20	9.999999999999999e-31	-9.1772e-47
256	64	256	1e-300	9.999999999999999999457899e-301	9.99999985601256405474e-301	-1.4399e-8	9.999999856012563e-301	-1.4399e-308
256	64	256	255.999999999	64.0	64	2.68e-30	64.0	1.7152e-28
256	64	256	256	64.0	64	2.68e-30	64.0	1.7152e-28
256	64	256	64	63.0000000000000000000391	63	-6.207e-22	63.0	-3.9104e-20
256	64	512	0.5	0.4999999999999999999676049	0.4999999999999999999728	1.039e-20	0.49999999999999994	-5.5479e-17
256	64	512	1	0.9999999999999999999217913	0.9999999999999999999457	2.3909e-20	0.9999999999999999	-1.1094e-16
256	64	512	128	63.99999999999999999992179	64	1.222e-21	64.0	7.8209e-20
256	64	512	1e-30	9.999999999999999999457899e-31	9.999999999999999998606e-31	-8.519e-20	9.999999999999999e-31	-9.1772e-47
256	64	512	1e-300	9.999999999999999999457899e-301	9.99999985601256405474e-301	-1.4399e-8	9.999999856012563e-301	-1.4399e-308
256	64	512	255.999999999	64.0	64	2.68e-30	64.0	1.7152e-28
256	64	512	256	64.0	64	2.68e-30	64.0	1.7152e-28
256	64	512	64	63.0000000000000000000391	63	-6.207e-22	63.0	-3.9104e-20
256	128	1	0.5	0.2284466968363880273563876	0.228446696836388027355	-6.0742e-21	0.22844669683638802	-8.309e-18
256	128	1	1	0.4150374992788438185462611	0.415037499278843818553	1.6237e-20	0.4150374992788438	-5.2245e-18
256	128	1	128	1.0	1	4.2397e-39	1.0	4.2397e-39
256	128	1	192	1.0	1	7.0596e-39	1.0	7.0596e-39
256	128	1	1e-30	5.0e-31	4.99999999999999999973e-31	-5.4e-20	4.9999999999999995e-31	-4.5913e-47
256	128	1	1e-300	5.0e-301	4.999999887879994261172e-301	-2.2424e-8	4.999999887879994e-301	-1.1212e-308
256	128	1	255.999999999	1.0	1	7.0596e-39	1.0	7.0596e-39
256	128	1	256	1.0	1	7.0596e-39	1.0	7.0596e-39
256	128	128	0.5	0.5	0.5	3.5123e-39	0.5	1.7561e-39
256	128	128	1	1.0	1	4.2397e-39	1.0	4.2397e-39
256	128	128	128	127.0	127	-1.6692e-41	127.0	-2.1198e-39
256	128	128	192	127.9999999999999999989582	128	8.1391e-21	128.0	1.0418e-18
256	128	128	1e-30	1.0e-30	9.999999999999999999461e-31	-5.39e-20	9.999999999999999e-31	-9.1826e-47
256	128	128	1e-300	1.0e-300	9.99999985601256405474e-301	-1.4399e-8	9.999999856012563e-301	-1.4399e-308
256	128	128	255.999999999	127.9999999999999999989582	128	8.1391e-21	128.0	1.0418e-18
256	128	128	256	127.9999999999999999989582	128	8.1391e-21	128.0	1.0418e-18
256	128	256	0.5	0.5	0.5	3.5123e-39	0.5	1.7561e-39
256	128	256	1	1.0	1	4.2397e-39	1.0	4.2397e-39
256	128	256	128	127.0	127	-1.6692e-41	127.0	-2.1198e-39
256	128	256	192	127.9999999999999999989582	128	8.1391e-21	128.0	1.0418e-18
256	128	256	1e-30	1.0e-30	9.999999999999999999461e-31	-5.39e-20	9.999999999999999e-31	-9.1826e-47
256	128	256	1e-300	1.0e-300	9.99999985601256405474e-301	-1.4399e-8	9.999999856012563e-301	-1.4399e-308
256	128	256	255.999999999	127.9999999999999999989582	128	8.1391e-21	128.0	1.0418e-18
256	128	256	256	127.9999999999999999989582	128	8.1391e-21	128.0	1.0418e-18
256	128	512	0.5	0.5	0.5	3.5123e-39	0.5	1.7561e-39
256	128	512	1	1.0	1	4.2397e-39	1.0	4.2397e-39
256	128	512	128	127.0	127	-1.6692e-41	127.0	-2.1198e-39
256	128	512	192	127.9999999999999999989582	128	8.1391e-21	128.0	1.0418e-18
256	128	512	1e-30	1.0e-30	9.999999999999999999461e-31	-5.39e-20	9.999999999999999e-31	-9.1826e-47
256	128	512	1e-300	1.0e-300	9.99999985601256405474e-301	-1.4399e-8	9.999999856012563e-301	-1.4399e-308
256	128	512	255.999999999	127.9999999999999999989582	128	8.1391e-21	128.0	1.0418e-18
256	128	512	256	127.9999999999999999989582	128	8.1391e-21	128.0	1.0418e-18
256	256	1	0.5	0.2284466968363880273563876	0.228446696836388027355	-6.0742e-21	0.22844669683638802	-8.309e-18
256	256	1	1	0.4150374992788438185462611	0.415037499278843818553	1.6237e-20	0.4150374992788438	-5.2245e-18
256	256	1	1e-30	5.0e-31	4.99999999999999999973e-31	-5.4e-20	4.9999999999999995e-31	-4.5913e-47
256	256	1	1e-300	5.0e-301	4.999999887879994261172e-301	-2.2424e-8	4.999999887879994e-301	-1.1212e-308
256	256	1	255.999999999	1.0	1	7.0596e-39	1.0	7.0596e-39
256	256	1	256	1.0	1	7.0596e-39	1.0	7.0596e-39
256	256	256	0.5	0.5	0.5	1.0322e-77	0.5	5.1608e-78
256	256	256	1	1.0	1	1.2459e-77	1.0	1.2459e-77
256	256	256	1e-30	1.0e-30	9.999999999999999999461e-31	-5.39e-20	9.999999999999999e-31	-9.1826e-47
256	256	256	1e-300	1.0e-300	9.99999985601256405474e-301	-1.4399e-8	9.999999856012563e-301	-1.4399e-308
256	256	256	255.999999999	251.6897645687270551220943	251.689764568727055119	-1.2294e-20	251.68976456872704	-1.2507e-14
256	256	256	256	251.6897645687270551220943	251.689764568727055119	-1.2294e-20	251.68976456872704	-1.2507e-14
256	256	512	0.5	0.5	0.5	1.0322e-77	0.5	5.1608e-78
256	256	512	1	1.0	1	1.2459e-77	1.0	1.2459e-77
256	256	512	1e-30	1.0e-30	9.999999999999999999461e-31	-5.39e-20	9.999999999999999e-31	-9.1826e-47
256	256	512	1e-300	1.0e-300	9.99999985601256405474e-301	-1.4399e-8	9.999999856012563e-301	-1.4399e-308
256	256	512	255.999999999	251.6897645687270551220943	251.689764568727055119	-1.2294e-20	251.68976456872704	-1.2507e-14
256	256	512	256	251.6897645687270551220943	251.689764568727055119	-1.2294e-20	251.68976456872704	-1.2507e-14
256	512	1	0.5	0.2284466968363880273563876	0.228446696836388027355	-6.0742e-21	0.22844669683638802	-8.309e-18
256	512	1	1	0.4150374992788438185462611	0.415037499278843818553	1.6237e-20	0.4150374992788438	-5.2245e-18
256	512	1	1e-30	5.0e-31	4.99999999999999999973e-31	-5.4e-20	4.9999999999999995e-31	-4.5913e-47
256	512	1	1e-300	5.0e-301	4.999999887879994261172e-301	-2.2424e-8	4.999999887879994e-301	-1.1212e-308
256	512	1	255.999999999	1.0	1	7.0596e-39	1.0	7.0596e-39
256	512	1	256	1.0	1	7.0596e-39	1.0	7.0596e-39
256	512	256	0.5	0.5	0.5	1.0322e-77	0.5	5.1608e-78
256	512	256	1	1.0	1	1.2459e-77	1.0	1.2459e-77
256	512	256	1e-30	1.0e-30	9.999999999999999999461e-31	-5.39e-20	9.999999999999999e-31	-9.1826e-47
256	512	256	1e-300	1.0e-300	9.99999985601256405474e-301	-1.4399e-8	9.999999856012563e-301	-1.4399e-308
256	512	256	255.999999999	251.6897645687270551220943	251.689764568727055119	-1.2294e-20	251.68976456872704	-1.2507e-14
256	512	256	256	251.6897645687270551220943	251.689764568727055119	-1.2294e-20	251.68976456872704	-1.2507e-14
256	512	512	0.5	0.5	0.5	1.0322e-77	0.5	5.1608e-78
256	512	512	1	1.0	1	1.2459e-77	1.0	1.2459e-77
256	512	512	1e-30	1.0e-30	9.999999999999999999461e-31	-5.39e-20	9.999999999999999e-31	-9.1826e-47
256	512	512	1e-300	1.0e-300	9.99999985601256405474e-301	-1.4399e-8	9.999999856012563e-301	-1.4399e-308
256	512	512	255.999999999	251.6897645687270551220943	251.689764568727055119	-1.2294e-20	251.68976456872704	-1.2507e-14
256	512	512	256	251.6897645687270551220943	251.689764568727055119	-1.2294e-20	251.68976456872704	-1.2507e-14
256	512	1024	0.5	0.5	0.5	1.0322e-77	0.5	5.1608e-78
256	512	1024	1	1.0	1	1.2459e-77	1.0	1.2459e-77
256	512	1024	1e-30	1.0e-30	9.999999999999999999461e-31	-5.39e-20	9.999999999999999e-31	-9.1826e-47
256	512	1024	1e-300	1.0e-300	9.99999985601256405474e-301	-1.4399e-8	9.999999856012563e-301	-1.4399e-308
256	512	1024	255.999999999	251.6897645687270551220943	251.689764568727055119	-1.2294e-20	251.68976456872704	-1.2507e-14
256	512	1024	256	251.6897645687270551220943	251.689764568727055119	-1.2294e-20	251.68976456872704	-1.2507e-14
512	1	1	0.5	0.2284466968363880273563876	0.228446696836388027355	-6.0742e-21	0.22844669683638802	-8.309e-18
512	1	1	1	0.4150374992788438185462611	0.415037499278843818553	1.6237e-20	0.4150374992788438	-5.2245e-18
512	1	1	1e-30	5.0e-31	4.99999999999999999973e-31	-5.4e-20	4.9999999999999995e-31	-4.5913e-47
512	1	1	1e-300	5.0e-301	4.999999887879994261172e-301	-2.2424e-8	4.999999887879994e-301	-1.1212e-308
512	1	1	511.999999999	1.0	1	2.0746e-77	1.0	2.0746e-77
512	1	1	512	1.0	1	2.0746e-77	1.0	2.0746e-77
512	1	1	65	0.9999999999999999999608957	0.9999999999999999999457	-1.5196e-20	0.9999999999999999	-1.1098e-16
512	1	512	0.5	0.2284466968363880273563876	0.228446696836388027355	-6.0742e-21	0.22844669683638802	-8.309e-18
512	1	512	1	0.4150374992788438185462611	0.415037499278843818553	1.6237e-20	0.4150374992788438	-5.2245e-18
512	1	512	1e-30	5.0e-31	4.99999999999999999973e-31	-5.4e-20	4.9999999999999995e-31	-4.5913e-47
512	1	512	1e-300	5.0e-301	4.999999887879994261172e-301	-2.2424e-8	4.999999887879994e-301	-1.1212e-308
512	1	512	511.999999999	1.0	1	2.0746e-77	1.0	2.0746e-77
512	1	512	512	1.0	1	2.0746e-77	1.0	2.0746e-77
512	1	512	65	0.9999999999999999999608957	0.9999999999999999999457	-1.5196e-20	0.9999999999999999	-1.1098e-16
512	1	1024	0.5	0.2284466968363880273563876	0.228446696836388027355	-6.0742e-21	0.22844669683638802	-8.309e-18
512	1	1024	1	0.4150374992788438185462611	0.415037499278843818553	1.6237e-20	0.4150374992788438	-5.2245e-18
512	1	1024	1e-30	5.0e-31	4.99999999999999999973e-31	-5.4e-20	4.9999999999999995e-31	-4.5913e-47
512	1	1024	1e-300	5.0e-301	4.999999887879994261172e-301	-2.2424e-8	4.999999887879994e-301	-1.1212e-308
512	1	1024	511.999999999	1.0	1	2.0746e-77	1.0	2.0746e-77
512	1	1024	512	1.0	1	2.0746e-77	1.0	2.0746e-77
512	1	1024	65	0.9999999999999999999608957	0.9999999999999999999457	-1.5196e-20	0.9999999999999999	-1.1098e-16
512	64	1	0.5	0.2284466968363880273563876	0.228446696836388027355	-6.0742e-21	0.22844669683638802	-8.309e-18
512	64	1	1	0.4150374992788438185462611	0.415037499278843818553	1.6237e-20	0.4150374992788438	-5.2245e-18
512	64	1	128	1.0	1	4.2397e-39	1.0	4.2397e-39
512	64	1	1e-30	5.0e-31	4.99999999999999999973e-31	-5.4e-20	4.9999999999999995e-31	-4.5913e-47
512	64	1	1e-300	5.0e-301	4.999999887879994261172e-301	-2.2424e-8	4.999999887879994e-301	-1.1212e-308
512	64	1	511.999999999	1.0	1	2.0746e-77	1.0	2.0746e-77
512	64	1	512	1.0	1	2.0746e-77	1.0	2.0746e-77
512	64	1	64	0.9999999999999999999217913	0.9999999999999999999457	2.3909e-20	0.9999999999999999	-1.1094e-16
512	64	64	0.5	0.4999999999999999999676049	0.4999999999999999999728	1.039e-20	0.49999999999999994	-5.5479e-17
512	64	64	1	0.9999999999999999999217913	0.9999999999999999999457	2.3909e-20	0.9999999999999999	-1.1094e-16
512	64	64	128	63.99999999999999999992179	64	1.222e-21	64.0	7.8209e-20
512	64	64	1e-30	9.999999999999999999457899e-31	9.999999999999999998606e-31	-8.519e-20	9.999999999999999e-31	-9.1772e-47
512	64	64	1e-300	9.999999999999999999457899e-301	9.99999985601256405474e-301	-1.4399e-8	9.999999856012563e-301	-1.4399e-308
512	64	64	511.999999999	64.0	64	7.8758e-69	64.0	5.0405e-67
512	64	64	512	64.0	64	7.8758e-69	64.0	5.0405e-67
512	64	64	64	63.0000000000000000000391	63	-6.207e-22	63.0	-3.9104e-20
512	64	512	0.5	0.4999999999999999999676049	0.4999999999999999999728	1.039e-20	0.49999999999999994	-5.5479e-17
512	64	512	1	0.9999999999999999999217913	0.9999999999999999999457	2.3909e-20	0.9999999999999999	-1.1094e-16
512	64	512	128	63.99999999999999999992179	64	1.222e-21	64.0	7.8209e-20
512	64	512	1e-30	9.999999999999999999457899e-31	9.999999999999999998606e-31	-8.519e-20	9.999999999999999e-31	-9.1772e-47
512	64	512	1e-300	9.999999999999999999457899e-301	9.99999985601256405474e-301	-1.4399e-8	9.999999856012563e-301	-1.4399e-308
512	64	512	511.999999999	64.0	64	7.8758e-69	64.0	5.0405e-67
512	64	512	512	64.0	64	7.8758e-69	64.0	5.0405e-67
512	64	512	64	63.0000000000000000000391	63	-6.207e-22	63.0	-3.9104e-20
512	64	1024	0.5	0.4999999999999999999676049	0.4999999999999999999728	1.039e-20	0.49999999999999994	-5.5479e-17
512	64	1024	1	0.9999999999999999999217913	0.9999999999999999999457	2.3909e-20	0.9999999999999999	-1.1094e-16
512	64	1024	128	63.99999999999999999992179	64	1.222e-21	64.0	7.8209e-20
512	64	1024	1e-30	9.999999999999999999457899e-31	9.999999999999999998606e-31	-8.519e-20	9.999999999999999e-31	-9.1772e-47
512	64	1024	1e-300	9.999999999999999999457899e-301	9.99999985601256405474e-301	-1.4399e-8	9.999999856012563e-301	-1.4399e-308
512	64	1024	511.999999999	64.0	64	7.8758e-69	64.0	5.0405e-67
512	64	1024	512	64.0	64	7.8758e-69	64.0	5.0405e-67
512	64	1024	64	63.0000000000000000000391	63	-6.207e-22	63.0	-3.9104e-20
512	128	1	0.5	0.2284466968363880273563876	0.228446696836388027355	-6.0742e-21	0.22844669683638802	-8.309e-18
512	128	1	1	0.4150374992788438185462611	0.415037499278843818553	1.6237e-20	0.4150374992788438	-5.2245e-18
512	128	1	128	1.0	1	4.2397e-39	1.0	4.2397e-39
512	128	1	192	1.0	1	2.2983e-58	1.0	2.2983e-58
512	128	1	1e-30	5.0e-31	4.99999999999999999973e-31	-5.4e-20	4.9999999999999995e-31	-4.5913e-47
512	128	1	1e-300	5.0e-301	4.999999887879994261172e-301	-2.2424e-8	4.999999887879994e-301	-1.1212e-308
512	128	1	511.999999999	1.0	1	2.0746e-77	1.0	2.0746e-77
512	128	1	512	1.0	1	2.0746e-77	1.0	2.0746e-77
512	128	128	0.5	0.5	0.5	3.5123e-39	0.5	1.7561e-39
512	128	128	1	1.0	1	4.2397e-39	1.0	4.2397e-39
512	128	128	128	127.0	127	-1.6692e-41	127.0	-2.1198e-39
512	128	128	192	127.9999999999999999999218	128	6.1101e-22	128.0	7.8209e-20
512	128	128	1e-30	1.0e-30	9.999999999999999999461e-31	-5.39e-20	9.999999999999999e-31	-9.1826e-47
512	128	128	1e-300	1.0e-300	9.99999985601256405474e-301	-1.4399e-8	9.999999856012563e-301	-1.4399e-308
512	128	128	511.999999999	128.0	128	2.3919e-59	128.0	3.0616e-57
512	128	128	512	128.0	128	2.3919e-59	128.0	3.0616e-57
512	128	512	0.5	0.5	0.5	3.5123e-39	0.5	1.7561e-39
512	128	512	1	1.0	1	4.2397e-39	1.0	4.2397e-39
512	128	512	128	127.0	127	-1.6692e-41	127.0	-2.1198e-39
512	128	512	192	127.9999999999999999999218	128	6.1101e-22	128.0	7.8209e-20
512	128	512	1e-30	1.0e-30	9.999999999999999999461e-31	-5.39e-20	9.999999999999999e-31	-9.1826e-47
512	128	512	1e-300	1.0e-300	9.99999985601256405474e-301	-1.4399e-8	9.999999856012563e-301	-1.4399e-308
512	128	512	511.999999999	128.0	128	2.3919e-59	128.0	3.0616e-57
512	128	512	512	128.0	128	2.3919e-59	128.0	3.0616e-57
512	128	1024	0.5	0.5	0.5	3.5123e-39	0.5	1.7561e-39
512	128	1024	1	1.0	1	4.2397e-39	1.0	4.2397e-39
512	128	1024	128	127.0	127	-1.6692e-41	127.0	-2.1198e-39
512	128	1024	192	127.9999999999999999999218	128	6.1101e-22	128.0	7.8209e-20
512	128	1024	1e-30	1.0e-30	9.999999999999999999461e-31	-5.39e-20	9.999999999999999e-31	-9.1826e-47
512	128	1024	1e-300	1.0e-300	9.99999985601256405474e-301	-1.4399e-8	9.999999856012563e-301	-1.4399e-308
512	128	1024	511.999999999	128.0	128	2.3919e-59	128.0	3.0616e-57
512	128	1024	512	128.0	128	2.3919e-59	128.0	3.0616e-57
512	256	1	0.5	0.2284466968363880273563876	0.228446696836388027355	-6.0742e-21	0.22844669683638802	-8.309e-18
512	256	1	1	0.4150374992788438185462611	0.415037499278843818553	1.6237e-20	0.4150374992788438	-5.2245e-18
512	256	1	1e-30	5.0e-31	4.99999999999999999973e-31	-5.4e-20	4.9999999999999995e-31	-4.5913e-47
512	256	1	1e-300	5.0e-301	4.999999887879994261172e-301	-2.2424e-8	4.999999887879994e-301	-1.1212e-308
512	256	1	256	1.0	1	1.2459e-77	1.0	1.2459e-77
512	256	1	320	1.0	1	2.0746e-77	1.0	2.0746e-77
512	256	1	511.999999999	1.0	1	2.0746e-77	1.0	2.0746e-77
512	256	1	512	1.0	1	2.0746e-77	1.0	2.0746e-77
512	256	256	0.5	0.5	0.5	1.0322e-77	0.5	5.1608e-78
512	256	256	1	1.0	1	1.2459e-77	1.0	1.2459e-77
512	256	256	1e-30	1.0e-30	9.999999999999999999461e-31	-5.39e-20	9.999999999999999e-31	-9.1826e-47
512	256	256	1e-300	1.0e-300	9.99999985601256405474e-301	-1.4399e-8	9.999999856012563e-301	-1.4399e-308
512	256	256	256	255.0	255	-2.443e-80	255.0	-6.2297e-78
512	256	256	320	255.9999999999999999999218	256	3.055e-22	256.0	7.8209e-20
512	256	256	511.999999999	256.0	256	3.1199e-40	256.0	7.987e-38
512	256	256	512	256.0	256	3.1199e-40	256.0	7.987e-38
512	256	512	0.5	0.5	0.5	1.0322e-77	0.5	5.1608e-78
512	256	512	1	1.0	1	1.2459e-77	1.0	1.2459e-77
512	256	512	1e-30	1.0e-30	9.999999999999999999461e-31	-5.39e-20	9.999999999999999e-31	-9.1826e-47
512	256	512	1e-300	1.0e-300	9.99999985601256405474e-301	-1.4399e-8	9.999999856012563e-301	-1.4399e-308
512	256	512	256	255.0	255	-2.443e-80	255.0	-6.2297e-78
512	256	512	320	255.9999999999999999999218	256	3.055e-22	256.0	7.8209e-20
512	256	512	511.999999999	256.0	256	3.1199e-40	256.0	7.987e-38
512	256	512	512	256.0	256	3.1199e-40	256.0	7.987e-38
512	256	1024	0.5	0.5	0.5	1.0322e-77	0.5	5.1608e-78
512	256	1024	1	1.0	1	1.2459e-77	1.0	1.2459e-77
512	256	1024	1e-30	1.0e-30	9.999999999999999999461e-31	-5.39e-20	9.999999999999999e-31	-9.1826e-47
512	256	1024	1e-300	1.0e-300	9.99999985601256405474e-301	-1.4399e-8	9.999999856012563e-301	-1.4399e-308
512	256	1024	256	255.0	255	-2.443e-80	255.0	-6.2297e-78
512	256	1024	320	255.9999999999999999999218	256	3.055e-22	256.0	7.8209e-20
512	256	1024	511.999999999	256.0	256	3.1199e-40	256.0	7.987e-38
512	256	1024	512	256.0	256	3.1199e-40	256.0	7.987e-38
512	512	1	0.5	0.2284466968363880273563876	0.228446696836388027355	-6.0742e-21	0.22844669683638802	-8.309e-18
512	512	1	1	0.4150374992788438185462611	0.415037499278843818553	1.6237e-20	0.4150374992788438	-5.2245e-18
512	512	1	1e-30	5.0e-31	4.99999999999999999973e-31	-5.4e-20	4.9999999999999995e-31	-4.5913e-47
512	512	1	1e-300	5.0e-301	4.999999887879994261172e-301	-2.2424e-8	4.999999887879994e-301	-1.1212e-308
512	512	1	511.999999999	1.0	1	2.0746e-77	1.0	2.0746e-77
512	512	1	512	1.0	1	2.0746e-77	1.0	2.0746e-77
512	512	512	0.5	0.5	0.5	8.914e-155	0.5	4.457e-155
512	512	512	1	1.0	1	1.076e-154	1.0	1.076e-154
512	512	512	1e-30	1.0e-30	9.999999999999999999461e-31	-5.39e-20	9.999999999999999e-31	-9.1826e-47
512	512	512	1e-300	1.0e-300	9.99999985601256405474e-301	-1.4399e-8	9.999999856012563e-301	-1.4399e-308
512	512	512	511.999999999	507.2112230769340144284587	507.2112230769340144309	4.8131e-21	507.211223076934	-9.9895e-15
512	512	512	512	507.2112230769340144284587	507.2112230769340144309	4.8131e-21	507.211223076934	-9.9895e-15
512	512	1024	0.5	0.5	0.5	8.914e-155	0.5	4.457e-155
512	512	1024	1	1.0	1	1.076e-154	1.0	1.076e-154
512	512	1024	1e-30	1.0e-30	9.999999999999999999461e-31	-5.39e-20	9.999999999999999e-31	-9.1826e-47
512	512	1024	1e-300	1.0e-300	9.99999985601256405474e-301	-1.4399e-8	9.999999856012563e-301	-1.4399e-308
512	512	1024	511.999999999	507.2112230769340144284587	507.2112230769340144309	4.8131e-21	507.211223076934	-9.9895e-15
512	512	1024	512	507.2112230769340144284587	507.2112230769340144309	4.8131e-21	507.211223076934	-9.9895e-15
512	1024	1	0.5	0.2284466968363880273563876	0.228446696836388027355	-6.0742e-21	0.22844669683638802	-8.309e-18
512	1024	1	1	0.4150374992788438185462611	0.415037499278843818553	1.6237e-20	0.4150374992788438	-5.2245e-18
512	1024	1	1e-30	5.0e-31	4.99999999999999999973e-31	-5.4e-20	4.9999999999999995e-31	-4.5913e-47
512	1024	1	1e-300	5.0e-301	4.999999999999999999826e-301	-3.48e-20	4.999999999999999e-301	-7.0361e-317
512	1024	1	511.999999999	1.0	1	2.0746e-77	1.0	2.0746e-77
512	1024	1	512	1.0	1	2.0746e-77	1.0	2.0746e-77
512	1024	512	0.5	0.5	0.5	8.914e-155	0.5	4.457e-155
512	1024	512	1	1.0	1	1.076e-154	1.0	1.076e-154
512	1024	512	1e-30	1.0e-30	9.999999999999999999461e-31	-5.39e-20	9.999999999999999e-31	-9.1826e-47
512	1024	512	1e-300	1.0e-300	9.999999999999999999653e-301	-3.47e-20	9.999999999999999e-301	-1.4072e-316
512	1024	512	511.999999999	507.2112230769340144284587	507.2112230769340144309	4.8131e-21	507.211223076934	-9.9895e-15
512	1024	512	512	507.2112230769340144284587	507.2112230769340144309	4.8131e-21	507.211223076934	-9.9895e-15
512	1024	1024	0.5	0.5	0.5	8.914e-155	0.5	4.457e-155
512	1024	1024	1	1.0	1	1.076e-154	1.0	1.076e-154
512	1024	1024	1e-30	1.0e-30	9.999999999999999999461e-31	-5.39e-20	9.999999999999999e-31	-9.1826e-47
512	1024	1024	1e-300	1.0e-300	9.999999999999999999653e-301	-3.47e-20	9.999999999999999e-301	-1.4072e-316
512	1024	1024	511.999999999	507.2112230769340144284587	507.2112230769340144309	4.8131e-21	507.211223076934	-9.9895e-15
512	1024	1024	512	507.2112230769340144284587	507.2112230769340144309	4.8131e-21	507.211223076934	-9.9895e-15
512	1024	2048	0.5	0.5	0.5	8.914e-155	0.5	4.457e-155
512	1024	2048	1	1.0	1	1.076e-154	1.0	1.076e-154
512	1024	2048	1e-30	1.0e-30	9.999999999999999999461e-31	-5.39e-20	9.999999999999999e-31	-9.1826e-47
512	1024	2048	1e-300	1.0e-300	9.999999999999999999653e-301	-3.47e-20	9.999999999999999e-301	-1.4072e-316
512	1024	2048	511.999999999	507.2112230769340144284587	507.2112230769340144309	4.8131e-21	507.211223076934	-9.9895e-15
512	1024	2048	512	507.2112230769340144284587	507.2112230769340144309	4.8131e-21	507.211223076934	-9.9895e-15
1024	1	1	0.5	0.2284466968363880273563876	0.228446696836388027355	-6.0742e-21	0.22844669683638802	-8.309e-18
1024	1	1	1	0.4150374992788438185462611	0.415037499278843818553	1.6237e-20	0.4150374992788438	-5.2245e-18
1024	1	1	1023.999999999	1.0	1	1.7917e-154	1.0	1.7917e-154
1024	1	1	1024	1.0	1	1.7917e-154	1.0	1.7917e-154
1024	1	1	1e-30	5.0e-31	4.99999999999999999973e-31	-5.4e-20	4.9999999999999995e-31	-4.5913e-47
1024	1	1	1e-300	5.0e-301	4.999999999999999999826e-301	-3.48e-20	4.999999999999999e-301	-7.0361e-317
1024	1	1	65	0.9999999999999999999608957	0.9999999999999999999457	-1.5196e-20	0.9999999999999999	-1.1098e-16
1024	1	1024	0.5	0.2284466968363880273563876	0.228446696836388027355	-6.0742e-21	0.22844669683638802	-8.309e-18
1024	1	1024	1	0.4150374992788438185462611	0.415037499278843818553	1.6237e-20	0.4150374992788438	-5.2245e-18
1024	1	1024	1023.999999999	1.0	1	1.7917e-154	1.0	1.7917e-154
1024	1	1024	1024	1.0	1	1.7917e-154	1.0	1.7917e-154
1024	1	1024	1e-30	5.0e-31	4.99999999999999999973e-31	-5.4e-20	4.9999999999999995e-31	-4.5913e-47
1024	1	1024	1e-300	5.0e-301	4.999999999999999999826e-301	-3.48e-20	4.999999999999999e-301	-7.0361e-317
1024	1	1024	65	0.9999999999999999999608957	0.9999999999999999999457	-1.5196e-20	0.9999999999999999	-1.1098e-16
1024	1	2048	0.5	0.2284466968363880273563876	0.228446696836388027355	-6.0742e-21	0.22844669683638802	-8.309e-18
1024	1	2048	1	0.4150374992788438185462611	0.415037499278843818553	1.6237e-20	0.4150374992788438	-5.2245e-18
1024	1	2048	1023.999999999	1.0	1	1.7917e-154	1.0	1.7917e-154
1024	1	2048	1024	1.0	1	1.7917e-154	1.0	1.7917e-154
1024	1	2048	1e-30	5.0e-31	4.99999999999999999973e-31	-5.4e-20	4.9999999999999995e-31	-4.5913e-47
1024	1	2048	1e-300	5.0e-301	4.999999999999999999826e-301	-3.48e-20	4.999999999999999e-301	-7.0361e-317
1024	1	2048	65	0.9999999999999999999608957	0.9999999999999999999457	-1.5196e-20	0.9999999999999999	-1.1098e-16
1024	64	1	0.5	0.2284466968363880273563876	0.228446696836388027355	-6.0742e-21	0.22844669683638802	-8.309e-18
1024	64	1	1	0.4150374992788438185462611	0.415037499278843818553	1.6237e-20	0.4150374992788438	-5.2245e-18
1024	64	1	1023.999999999	1.0	1	1.7917e-154	1.0	1.7917e-154
1024	64	1	1024	1.0	1	1.7917e-154	1.0	1.7917e-154
1024	64	1	128	1.0	1	4.2397e-39	1.0	4.2397e-39
1024	64	1	1e-30	5.0e-31	4.99999999999999999973e-31	-5.4e-20	4.9999999999999995e-31	-4.5913e-47
1024	64	1	1e-300	5.0e-301	4.999999999999999999826e-301	-3.48e-20	4.999999999999999e-301	-7.0361e-317
1024	64	1	64	0.9999999999999999999217913	0.9999999999999999999457	2.3909e-20	0.9999999999999999	-1.1094e-16
1024	64	64	0.5	0.4999999999999999999676049	0.4999999999999999999728	1.039e-20	0.49999999999999994	-5.5479e-17
1024	64	64	1	0.9999999999999999999217913	0.9999999999999999999457	2.3909e-20	0.9999999999999999	-1.1094e-16
1024	64	64	1023.999999999	64.0	64	6.8017e-146	64.0	4.3531e-144
1024	64	64	1024	64.0	64	6.8017e-146	64.0	4.3531e-144
1024	64	64	128	63.99999999999999999992179	64	1.222e-21	64.0	7.8209e-20
1024	64	64	1e-30	9.999999999999999999457899e-31	9.999999999999999998606e-31	-8.519e-20	9.999999999999999e-31	-9.1772e-47
1024	64	64	1e-300	9.999999999999999999457899e-301	9.999999999999999998843e-301	-6.149e-20	9.999999999999999e-301	-1.4067e-316
1024	64	64	64	63.0000000000000000000391	63	-6.207e-22	63.0	-3.9104e-20
1024	64	1024	0.5	0.4999999999999999999676049	0.4999999999999999999728	1.039e-20	0.49999999999999994	-5.5479e-17
1024	64	1024	1	0.9999999999999999999217913	0.9999999999999999999457	2.3909e-20	0.9999999999999999	-1.1094e-16
1024	64	1024	1023.999999999	64.0	64	6.8017e-146	64.0	4.3531e-144
1024	64	1024	1024	64.0	64	6.8017e-146	64.0	4.3531e-144
1024	64	1024	128	63.99999999999999999992179	64	1.222e-21	64.0	7.8209e-20
1024	64	1024	1e-30	9.999999999999999999457899e-31	9.999999999999999998606e-31	-8.519e-20	9.999999999999999e-31	-9.1772e-47
1024	64	1024	1e-300	9.999999999999999999457899e-301	9.999999999999999998843e-301	-6.149e-20	9.999999999999999e-301	-1.4067e-316
1024	64	1024	64	63.0000000000000000000391	63	-6.207e-22	63.0	-3.9104e-20
1024	64	2048	0.5	0.4999999999999999999676049	0.4999999999999999999728	1.039e-20	0.49999999999999994	-5.5479e-17
1024	64	2048	1	0.9999999999999999999217913	0.9999999999999999999457	2.3909e-20	0.9999999999999999	-1.1094e-16
1024	64	2048	1023.999999999	64.0	64	6.8017e-146	64.0	4.3531e-144
1024	64	2048	1024	64.0	64	6.8017e-146	64.0	4.3531e-144
1024	64	2048	128	63.99999999999999999992179	64	1.222e-21	64.0	7.8209e-20
1024	64	2048	1e-30	9.999999999999999999457899e-31	9.999999999999999998606e-31	-8.519e-20	9.999999999999999e-31	-9.1772e-47
1024	64	2048	1e-300	9.999999999999999999457899e-301	9.999999999999999998843e-301	-6.149e-20	9.999999999999999e-301	-1.4067e-316
1024	64	2048	64	63.0000000000000000000391	63	-6.207e-22	63.0	-3.9104e-20
1024	128	1	0.5	0.2284466968363880273563876	0.228446696836388027355	-6.0742e-21	0.22844669683638802	-8.309e-18
1024	128	1	1	0.4150374992788438185462611	0.415037499278843818553	1.6237e-20	0.4150374992788438	-5.2245e-18
1024	128	1	1023.999999999	1.0	1	1.7917e-154	1.0	1.7917e-154
1024	128	1	1024	1.0	1	1.7917e-154	1.0	1.7917e-154
1024	128	1	128	1.0	1	4.2397e-39	1.0	4.2397e-39
1024	128	1	192	1.0	1	2.2983e-58	1.0	2.2983e-58
1024	128	1	1e-30	5.0e-31	4.99999999999999999973e-31	-5.4e-20	4.9999999999999995e-31	-4.5913e-47
1024	128	1	1e-300	5.0e-301	4.999999999999999999826e-301	-3.48e-20	4.999999999999999e-301	-7.0361e-317
1024	128	128	0.5	0.5	0.5	3.5123e-39	0.5	1.7561e-39
1024	128	128	1	1.0	1	4.2397e-39	1.0	4.2397e-39
1024	128	128	1023.999999999	128.0	128	2.0657e-136	128.0	2.644e-134
1024	128	128	1024	128.0	128	2.0657e-136	128.0	2.644e-134
1024	128	128	128	127.0	127	-1.6692e-41	127.0	-2.1198e-39
1024	128	128	192	127.9999999999999999999218	128	6.1101e-22	128.0	7.8209e-20
1024	128	128	1e-30	1.0e-30	9.999999999999999999461e-31	-5.39e-20	9.999999999999999e-31	-9.1826e-47
1024	128	128	1e-300	1.0e-300	9.999999999999999999653e-301	-3.47e-20	9.999999999999999e-301	-1.4072e-316
1024	128	1024	0.5	0.5	0.5	3.5123e-39	0.5	1.7561e-39
1024	128	1024	1	1.0	1	4.2397e-39	1.0	4.2397e-39
1024	128	1024	1023.999999999	128.0	128	2.0657e-136	128.0	2.644e-134
1024	128	1024	1024	128.0	128	2.0657e-136	128.0	2.644e-134
1024	128	1024	128	127.0	127	-1.6692e-41	127.0	-2.1198e-39
1024	128	1024	192	127.9999999999999999999218	128	6.1101e-22	128.0	7.8209e-20
1024	128	1024	1e-30	1.0e-30	9.999999999999999999461e-31	-5.39e-20	9.999999999999999e-31	-9.1826e-47
1024	128	1024	1e-300	1.0e-300	9.999999999999999999653e-301	-3.47e-20	9.999999999999999e-301	-1.4072e-316
1024	128	2048	0.5	0.5	0.5	3.5123e-39	0.5	1.7561e-39
1024	128	2048	1	1.0	1	4.2397e-39	1.0	4.2397e-39
1024	128	2048	1023.999999999	128.0	128	2.0657e-136	128.0	2.644e-134
1024	128	2048	1024	128.0	128	2.0657e-136	128.0	2.644e-134
1024	128	2048	128	127.0	127	-1.6692e-41	127.0	-2.1198e-39
1024	128	2048	192	127.9999999999999999999218	128	6.1101e-22	128.0	7.8209e-20
1024	128	2048	1e-30	1.0e-30	9.999999999999999999461e-31	-5.39e-20	9.999999999999999e-31	-9.1826e-47
1024	128	2048	1e-300	1.0e-300	9.999999999999999999653e-301	-3.47e-20	9.999999999999999e-301	-1.4072e-316
1024	256	1	0.5	0.2284466968363880273563876	0.228446696836388027355	-6.0742e-21	0.22844669683638802	-8.309e-18
1024	256	1	1	0.4150374992788438185462611	0.415037499278843818553	1.6237e-20	0.4150374992788438	-5.2245e-18
1024	256	1	1023.999999999	1.0	1	1.7917e-154	1.0	1.7917e-154
1024	256	1	1024	1.0	1	1.7917e-154	1.0	1.7917e-154
1024	256	1	1e-30	5.0e-31	4.99999999999999999973e-31	-5.4e-20	4.9999999999999995e-31	-4.5913e-47
1024	256	1	1e-300	5.0e-301	4.999999999999999999826e-301	-3.48e-20	4.999999999999999e-301	-7.0361e-317
1024	256	1	256	1.0	1	1.2459e-77	1.0	1.2459e-77
1024	256	1	320	1.0	1	6.7542e-97	1.0	6.7542e-97
1024	256	256	0.5	0.5	0.5	1.0322e-77	0.5	5.1608e-78
1024	256	256	1	1.0	1	1.2459e-77	1.0	1.2459e-77
1024	256	256	1023.999999999	256.0	256	2.6944e-117	256.0	6.8977e-115
1024	256	256	1024	256.0	256	2.6944e-117	256.0	6.8977e-115
1024	256	256	1e-30	1.0e-30	9.999999999999999999461e-31	-5.39e-20	9.999999999999999e-31	-9.1826e-47
1024	256	256	1e-300	1.0e-300	9.999999999999999999653e-301	-3.47e-20	9.999999999999999e-301	-1.4072e-316
1024	256	256	256	255.0	255	-2.443e-80	255.0	-6.2297e-78
1024	256	256	320	255.9999999999999999999218	256	3.055e-22	256.0	7.8209e-20
1024	256	1024	0.5	0.5	0.5	1.0322e-77	0.5	5.1608e-78
1024	256	1024	1	1.0	1	1.2459e-77	1.0	1.2459e-77
1024	256	1024	1023.999999999	256.0	256	2.6944e-117	256.0	6.8977e-115
1024	256	1024	1024	256.0	256	2.6944e-117	256.0	6.8977e-115
1024	256	1024	1e-30	1.0e-30	9.999999999999999999461e-31	-5.39e-20	9.999999999999999e-31	-9.1826e-47
1024	256	1024	1e-300	1.0e-300	9.999999999999999999653e-301	-3.47e-20	9.999999999999999e-301	-1.4072e-316
1024	256	1024	256	255.0	255	-2.443e-80	255.0	-6.2297e-78
1024	256	1024	320	255.9999999999999999999218	256	3.055e-22	256.0	7.8209e-20
1024	256	2048	0.5	0.5	0.5	1.0322e-77	0.5	5.1608e-78
1024	256	2048	1	1.0	1	1.2459e-77	1.0	1.2459e-77
1024	256	2048	1023.999999999	256.0	256	2.6944e-117	256.0	6.8977e-115
1024	256	2048	1024	256.0	256	2.6944e-117	256.0	6.8977e-115
1024	256	2048	1e-30	1.0e-30	9.999999999999999999461e-31	-5.39e-20	9.999999999999999e-31	-9.1826e-47
1024	256	2048	1e-300	1.0e-300	9.999999999999999999653e-301	-3.47e-20	9.999999999999999e-301	-1.4072e-316
1024	256	2048	256	255.0	255	-2.443e-80	255.0	-6.2297e-78
1024	256	2048	320	255.9999999999999999999218	256	3.055e-22	256.0	7.8209e-20
1024	512	1	0.5	0.2284466968363880273563876	0.228446696836388027355	-6.0742e-21	0.22844669683638802	-8.309e-18
1024	512	1	1	0.4150374992788438185462611	0.415037499278843818553	1.6237e-20	0.4150374992788438	-5.2245e-18
1024	512	1	1023.999999999	1.0	1	1.7917e-154	1.0	1.7917e-154
1024	512	1	1024	1.0	1	1.7917e-154	1.0	1.7917e-154
1024	512	1	1e-30	5.0e-31	4.99999999999999999973e-31	-5.4e-20	4.9999999999999995e-31	-4.5913e-47
1024	512	1	1e-300	5.0e-301	4.999999999999999999826e-301	-3.48e-20	4.999999999999999e-301	-7.0361e-317
1024	512	1	512	1.0	1	1.076e-154	1.0	1.076e-154
1024	512	1	576	1.0	1	1.7917e-154	1.0	1.7917e-154
1024	512	512	0.5	0.5	0.5	8.914e-155	0.5	4.457e-155
1024	512	512	1	1.0	1	1.076e-154	1.0	1.076e-154
1024	512	512	1023.999999999	512.0	512	6.4832e-79	512.0	3.3194e-76
1024	512	512	1024	512.0	512	6.4832e-79	512.0	3.3194e-76
1024	512	512	1e-30	1.0e-30	9.999999999999999999461e-31	-5.39e-20	9.999999999999999e-31	-9.1826e-47
1024	512	512	1e-300	1.0e-300	9.999999999999999999653e-301	-3.47e-20	9.999999999999999e-301	-1.4072e-316
1024	512	512	512	511.0	511	-1.0528e-157	511.0	-5.3801e-155
1024	512	512	576	511.9999999999999999999218	512	1.5275e-22	512.0	7.8209e-20
1024	512	1024	0.5	0.5	0.5	8.914e-155	0.5	4.457e-155
1024	512	1024	1	1.0	1	1.076e-154	1.0	1.076e-154
1024	512	1024	1023.999999999	512.0	512	6.4832e-79	512.0	3.3194e-76
1024	512	1024	1024	512.0	512	6.4832e-79	512.0	3.3194e-76
1024	512	1024	1e-30	1.0e-30	9.999999999999999999461e-31	-5.39e-20	9.999999999999999e-31	-9.1826e-47
1024	512	1024	1e-300	1.0e-300	9.999999999999999999653e-301	-3.47e-20	9.999999999999999e-301	-1.4072e-316
1024	512	1024	512	511.0	511	-1.0528e-157	511.0	-5.3801e-155
1024	512	1024	576	511.9999999999999999999218	512	1.5275e-22	512.0	7.8209e-20
1024	512	2048	0.5	0.5	0.5	8.914e-155	0.5	4.457e-155
1024	512	2048	1	1.0	1	1.076e-154	1.0	1.076e-154
1024	512	2048	1023.999999999	512.0	512	6.4832e-79	512.0	3.3194e-76
1024	512	2048	1024	512.0	512	6.4832e-79	512.0	3.3194e-76
1024	512	2048	1e-30	1.0e-30	9.999999999999999999461e-31	-5.39e-20	9.999999999999999e-31	-9.1826e-47
1024	512	2048	1e-300	1.0e-300	9.999999999999999999653e-301	-3.47e-20	9.999999999999999e-301	-1.4072e-316
1024	512	2048	512	511.0	511	-1.0528e-157	511.0	-5.3801e-155
1024	512	2048	576	511.9999999999999999999218	512	1.5275e-22	512.0	7.8209e-20
1024	1024	1	0.5	0.2284466968363880273563876	0.228446696836388027355	-6.0742e-21	0.22844669683638802	-8.309e-18
1024	1024	1	1	0.4150374992788438185462611	0.415037499278843818553	1.6237e-20	0.4150374992788438	-5.2245e-18
1024	1024	1	1023.999999999	1.0	1	1.7917e-154	1.0	1.7917e-154
1024	1024	1	1024	1.0	1	1.7917e-154	1.0	1.7917e-154
1024	1024	1	1e-30	5.0e-31	4.99999999999999999973e-31	-5.4e-20	4.9999999999999995e-31	-4.5913e-47
1024	1024	1	1e-300	5.0e-301	4.999999999999999999826e-301	-3.48e-20	4.999999999999999e-301	-7.0361e-317
1024	1024	1024	0.5	0.5	0.5	6.6483e-309	0.5	3.3242e-309
1024	1024	1024	1	1.0	1	8.0253e-309	1.0	8.0253e-309
1024	1024	1024	1023.999999999	1018.726591506287448563099	1018.726591506287448563	-9.6826e-23	1018.7265915062873	-1.8491e-13
1024	1024	1024	1024	1018.726591506287448563099	1018.726591506287448563	-9.6826e-23	1018.7265915062873	-1.8491e-13
1024	1024	1024	1e-30	1.0e-30	9.999999999999999999461e-31	-5.39e-20	9.999999999999999e-31	-9.1826e-47
1024	1024	1024	1e-300	1.0e-300	9.999999999999999999653e-301	-3.47e-20	9.999999999999999e-301	-1.4072e-316
1024	1024	2048	0.5	0.5	0.5	6.6483e-309	0.5	3.3242e-309
1024	1024	2048	1	1.0	1	8.0253e-309	1.0	8.0253e-309
1024	1024	2048	1023.999999999	1018.726591506287448563099	1018.726591506287448563	-9.6826e-23	1018.7265915062873	-1.8491e-13
1024	1024	2048	1024	1018.726591506287448563099	1018.726591506287448563	-9.6826e-23	1018.7265915062873	-1.8491e-13
1024	1024	2048	1e-30	1.0e-30	9.999999999999999999461e-31	-5.39e-20	9.999999999999999e-31	-9.1826e-47
1024	1024	2048	1e-300	1.0e-300	9.999999999999999999653e-301	-3.47e-20	9.999999999999999e-301	-1.4072e-316
1024	2048	1	0.5	0.2284466968363880273563876	0.228446696836388027355	-6.0742e-21	0.22844669683638802	-8.309e-18
1024	2048	1	1	0.4150374992788438185462611	0.415037499278843818553	1.6237e-20	0.4150374992788438	-5.2245e-18
1024	2048	1	1023.999999999	1.0	1	1.7917e-154	1.0	1.7917e-154
1024	2048	1	1024	1.0	1	1.7917e-154	1.0	1.7917e-154
1024	2048	1	1e-30	5.0e-31	4.99999999999999999973e-31	-5.4e-20	4.9999999999999995e-31	-4.5913e-47
1024	2048	1	1e-300	5.0e-301	4.999999999999999999826e-301	-3.48e-20	4.999999999999999e-301	-7.0361e-317
1024	2048	1024	0.5	0.5	0.5	6.6483e-309	0.5	3.3242e-309
1024	2048	1024	1	1.0	1	8.0253e-309	1.0	8.0253e-309
1024	2048	1024	1023.999999999	1018.726591506287448563099	1018.726591506287448563	-9.6826e-23	1018.7265915062873	-1.8491e-13
1024	2048	1024	1024	1018.726591506287448563099	1018.726591506287448563	-9.6826e-23	1018.7265915062873	-1.8491e-13
1024	2048	1024	1e-30	1.0e-30	9.999999999999999999461e-31	-5.39e-20	9.999999999999999e-31	-9.1826e-47
1024	2048	1024	1e-300	1.0e-300	9.999999999999999999653e-301	-3.47e-20	9.999999999999999e-301	-1.4072e-316
1024	2048	2048	0.5	0.5	0.5	6.6483e-309	0.5	3.3242e-309
1024	2048	2048	1	1.0	1	8.0253e-309	1.0	8.0253e-309
1024	2048	2048	1023.999999999	1018.726591506287448563099	1018.726591506287448563	-9.6826e-23	1018.7265915062873	-1.8491e-13
1024	2048	2048	1024	1018.726591506287448563099	1018.726591506287448563	-9.6826e-23	1018.7265915062873	-1.8491e-13
1024	2048	2048	1e-30	1.0e-30	9.999999999999999999461e-31	-5.39e-20	9.999999999999999e-31	-9.1826e-47
1024	2048	2048	1e-300	1.0e-300	9.999999999999999999653e-301	-3.47e-20	9.999999999999999e-301	-1.4072e-316
1024	2048	4096	0.5	0.5	0.5	6.6483e-309	0.5	3.3242e-309
1024	2048	4096	1	1.0	1	8.0253e-309	1.0	8.0253e-309
1024	2048	4096	1023.999999999	1018.726591506287448563099	1018.726591506287448563	-9.6826e-23	1018.7265915062873	-1.8491e-13
1024	2048	4096	1024	1018.726591506287448563099	1018.726591506287448563	-9.6826e-23	1018.7265915062873	-1.8491e-13
1024	2048	4096	1e-30	1.0e-30	9.999999999999999999461e-31	-5.39e-20	9.999999999999999e-31	-9.1826e-47
1024	2048	4096	1e-300	1.0e-300	9.999999999999999999653e-301	-3.47e-20	9.999999999999999e-301	-1.4072e-316
4096	1	1	0.5	0.2284466968363880273563876	0.228446696836388027355	-6.0742e-21	0.22844669683638802	-8.309e-18
4096	1	1	1	0.4150374992788438185462611	0.415037499278843818553	1.6237e-20	0.4150374992788438	-5.2245e-18
4096	1	1	1e-30	5.0e-31	4.99999999999999999973e-31	-5.4e-20	4.9999999999999995e-31	-4.5913e-47
4096	1	1	1e-300	5.0e-301	4.999999999999999999826e-301	-3.48e-20	4.999999999999999e-301	-7.0361e-317
4096	1	1	4095.999999999	1.0	1	7.4334e-617	1.0	7.4334e-617
4096	1	1	4096	1.0	1	7.4334e-617	1.0	7.4334e-617
4096	1	1	65	0.9999999999999999999608957	0.9999999999999999999457	-1.5196e-20	0.9999999999999999	-1.1098e-16
4096	1	4096	0.5	0.2284466968363880273563876	0.228446696836388027355	-6.0742e-21	0.22844669683638802	-8.309e-18
4096	1	4096	1	0.4150374992788438185462611	0.415037499278843818553	1.6237e-20	0.4150374992788438	-5.2245e-18
4096	1	4096	1e-30	5.0e-31	4.99999999999999999973e-31	-5.4e-20	4.9999999999999995e-31	-4.5913e-47
4096	1	4096	1e-300	5.0e-301	4.999999999999999999826e-301	-3.48e-20	4.999999999999999e-301	-7.0361e-317
4096	1	4096	4095.999999999	1.0	1	7.4334e-617	1.0	7.4334e-617
4096	1	4096	4096	1.0	1	7.4334e-617	1.0	7.4334e-617
4096	1	4096	65	0.9999999999999999999608957	0.9999999999999999999457	-1.5196e-20	0.9999999999999999	-1.1098e-16
4096	1	8192	0.5	0.2284466968363880273563876	0.228446696836388027355	-6.0742e-21	0.22844669683638802	-8.309e-18
4096	1	8192	1	0.4150374992788438185462611	0.415037499278843818553	1.6237e-20	0.4150374992788438	-5.2245e-18
4096	1	8192	1e-30	5.0e-31	4.99999999999999999973e-31	-5.4e-20	4.9999999999999995e-31	-4.5913e-47
4096	1	8192	1e-300	5.0e-301	4.999999999999999999826e-301	-3.48e-20	4.999999999999999e-301	-7.0361e-317
4096	1	8192	4095.999999999	1.0	1	7.4334e-617	1.0	7.4334e-617
4096	1	8192	4096	1.0	1	7.4334e-617	1.0	7.4334e-617
4096	1	8192	65	0.9999999999999999999608957	0.9999999999999999999457	-1.5196e-20	0.9999999999999999	-1.1098e-16
4096	64	1	0.5	0.2284466968363880273563876	0.228446696836388027355	-6.0742e-21	0.22844669683638802	-8.309e-18
4096	64	1	1	0.4150374992788438185462611	0.415037499278843818553	1.6237e-20	0.4150374992788438	-5.2245e-18
4096	64	1	128	1.0	1	4.2397e-39	1.0	4.2397e-39
4096	64	1	1e-30	5.0e-31	4.99999999999999999973e-31	-5.4e-20	4.9999999999999995e-31	-4.5913e-47
4096	64	1	1e-300	5.0e-301	4.999999999999999999826e-301	-3.48e-20	4.999999999999999e-301	-7.0361e-317
4096	64	1	4095.999999999	1.0	1	7.4334e-617	1.0	7.4334e-617
4096	64	1	4096	1.0	1	7.4334e-617	1.0	7.4334e-617
4096	64	1	64	0.9999999999999999999217913	0.9999999999999999999457	2.3909e-20	0.9999999999999999	-1.1094e-16
4096	64	64	0.5	0.4999999999999999999676049	0.4999999999999999999728	1.039e-20	0.49999999999999994	-5.5479e-17
4096	64	64	1	0.9999999999999999999217913	0.9999999999999999999457	2.3909e-20	0.9999999999999999	-1.1094e-16
4096	64	64	128	63.99999999999999999992179	64	1.222e-21	64.0	7.8209e-20
4096	64	64	1e-30	9.999999999999999999457899e-31	9.999999999999999998606e-31	-8.519e-20	9.999999999999999e-31	-9.1772e-47
4096	64	64	1e-300	9.999999999999999999457899e-301	9.999999999999999998843e-301	-6.149e-20	9.999999999999999e-301	-1.4067e-316
4096	64	64	4095.999999999	64.0	64	2.8219e-608	64.0	1.806e-606
4096	64	64	4096	64.0	64	2.8219e-608	64.0	1.806e-606
4096	64	64	64	63.0000000000000000000391	63	-6.207e-22	63.0	-3.9104e-20
4096	64	4096	0.5	0.4999999999999999999676049	0.4999999999999999999728	1.039e-20	0.49999999999999994	-5.5479e-17
4096	64	4096	1	0.9999999999999999999217913	0.9999999999999999999457	2.3909e-20	0.9999999999999999	-1.1094e-16
4096	64	4096	128	63.99999999999999999992179	64	1.222e-21	64.0	7.8209e-20
4096	64	4096	1e-30	9.999999999999999999457899e-31	9.999999999999999998606e-31	-8.519e-20	9.999999999999999e-31	-9.1772e-47
4096	64	4096	1e-300	9.999999999999999999457899e-301	9.999999999999999998843e-301	-6.149e-20	9.999999999999999e-301	-1.4067e-316
4096	64	4096	4095.999999999	64.0	64	2.8219e-608	64.0	1.806e-606
4096	64	4096	4096	64.0	64	2.8219e-608	64.0	1.806e-606
4096	64	4096	64	63.0000000000000000000391	63	-6.207e-22	63.0	-3.9104e-20
4096	64	8192	0.5	0.4999999999999999999676049	0.4999999999999999999728	1.039e-20	0.49999999999999994	-5.5479e-17
4096	64	8192	1	0.9999999999999999999217913	0.9999999999999999999457	2.3909e-20	0.9999999999999999	-1.1094e-16
4096	64	8192	128	63.99999999999999999992179	64	1.222e-21	64.0	7.8209e-20
4096	64	8192	1e-30	9.999999999999999999457899e-31	9.999999999999999998606e-31	-8.519e-20	9.999999999999999e-31	-9.1772e-47
4096	64	8192	1e-300	9.999999999999999999457899e-301	9.999999999999999998843e-301	-6.149e-20	9.999999999999999e-301	-1.4067e-316
4096	64	8192	4095.999999999	64.0	64	2.8219e-608	64.0	1.806e-606
4096	64	8192	4096	64.0	64	2.8219e-608	64.0	1.806e-606
4096	64	8192	64	63.0000000000000000000391	63	-6.207e-22	63.0	-3.9104e-20
4096	128	1	0.5	0.2284466968363880273563876	0.228446696836388027355	-6.0742e-21	0.22844669683638802	-8.309e-18
4096	128	1	1	0.4150374992788438185462611	0.415037499278843818553	1.6237e-20	0.4150374992788438	-5.2245e-18
4096	128	1	128	1.0	1	4.2397e-39	1.0	4.2397e-39
4096	128	1	192	1.0	1	2.2983e-58	1.0	2.2983e-58
4096	128	1	1e-30	5.0e-31	4.99999999999999999973e-31	-5.4e-20	4.9999999999999995e-31	-4.5913e-47
4096	128	1	1e-300	5.0e-301	4.999999999999999999826e-301	-3.48e-20	4.999999999999999e-301	-7.0361e-317
4096	128	1	4095.999999999	1.0	1	7.4334e-617	1.0	7.4334e-617
4096	128	1	4096	1.0	1	7.4334e-617	1.0	7.4334e-617
4096	128	128	0.5	0.5	0.5	3.5123e-39	0.5	1.7561e-39
4096	128	128	1	1.0	1	4.2397e-39	1.0	4.2397e-39
4096	128	128	128	127.0	127	-1.6692e-41	127.0	-2.1198e-39
4096	128	128	192	127.9999999999999999999218	128	6.1101e-22	128.0	7.8209e-20
4096	128	128	1e-30	1.0e-30	9.999999999999999999461e-31	-5.39e-20	9.999999999999999e-31	-9.1826e-47
4096	128	128	1e-300	1.0e-300	9.999999999999999999653e-301	-3.47e-20	9.999999999999999e-301	-1.4072e-316
4096	128	128	4095.999999999	128.0	128	8.5701e-599	128.0	1.097e-596
4096	128	128	4096	128.0	128	8.5701e-599	128.0	1.097e-596
4096	128	4096	0.5	0.5	0.5	3.5123e-39	0.5	1.7561e-39
4096	128	4096	1	1.0	1	4.2397e-39	1.0	4.2397e-39
4096	128	4096	128	127.0	127	-1.6692e-41	127.0	-2.1198e-39
4096	128	4096	192	127.9999999999999999999218	128	6.1101e-22	128.0	7.8209e-20
4096	128	4096	1e-30	1.0e-30	9.999999999999999999461e-31	-5.39e-20	9.999999999999999e-31	-9.1826e-47
4096	128	4096	1e-300	1.0e-300	9.999999999999999999653e-301	-3.47e-20	9.999999999999999e-301	-1.4072e-316
4096	128	4096	4095.999999999	128.0	128	8.5701e-599	128.0	1.097e-596
4096	128	4096	4096	128.0	128	8.5701e-599	128.0	1.097e-596
4096	128	8192	0.5	0.5	0.5	3.5123e-39	0.5	1.7561e-39
4096	128	8192	1	1.0	1	4.2397e-39	1.0	4.2397e-39
4096	128	8192	128	127.0	127	-1.6692e-41	127.0	-2.1198e-39
4096	128	8192	192	127.9999999999999999999218	128	6.1101e-22	128.0	7.8209e-20
4096	128	8192	1e-30	1.0e-30	9.999999999999999999461e-31	-5.39e-20	9.999999999999999e-31	-9.1826e-47
4096	128	8192	1e-300	1.0e-300	9.999999999999999999653e-301	-3.47e-20	9.999999999999999e-301	-1.4072e-316
4096	128	8192	4095.999999999	128.0	128	8.5701e-599	128.0	1.097e-596
4096	128	8192	4096	128.0	128	8.5701e-599	128.0	1.097e-596
4096	256	1	0.5	0.2284466968363880273563876	0.228446696836388027355	-6.0742e-21	0.22844669683638802	-8.309e-18
4096	256	1	1	0.4150374992788438185462611	0.415037499278843818553	1.6237e-20	0.4150374992788438	-5.2245e-18
4096	256	1	1e-30	5.0e-31	4.99999999999999999973e-31	-5.4e-20	4.9999999999999995e-31	-4.5913e-47
4096	256	1	1e-300	5.0e-301	4.999999999999999999826e-301	-3.48e-20	4.999999999999999e-301	-7.0361e-317
4096	256	1	256	1.0	1	1.2459e-77	1.0	1.2459e-77
4096	256	1	320	1.0	1	6.7542e-97	1.0	6.7542e-97
4096	256	1	4095.999999999	1.0	1	7.4334e-617	1.0	7.4334e-617
4096	256	1	4096	1.0	1	7.4334e-617	1.0	7.4334e-617
4096	256	256	0.5	0.5	0.5	1.0322e-77	0.5	5.1608e-78
4096	256	256	1	1.0	1	1.2459e-77	1.0	1.2459e-77
4096	256	256	1e-30	1.0e-30	9.999999999999999999461e-31	-5.39e-20	9.999999999999999e-31	-9.1826e-47
4096	256	256	1e-300	1.0e-300	9.999999999999999999653e-301	-3.47e-20	9.999999999999999e-301	-1.4072e-316
4096	256	256	256	255.0	255	-2.443e-80	255.0	-6.2297e-78
4096	256	256	320	255.9999999999999999999218	256	3.055e-22	256.0	7.8209e-20
4096	256	256	4095.999999999	256.0	256	1.1179e-579	256.0	2.8617e-577
4096	256	256	4096	256.0	256	1.1179e-579	256.0	2.8617e-577
4096	256	4096	0.5	0.5	0.5	1.0322e-77	0.5	5.1608e-78
4096	256	4096	1	1.0	1	1.2459e-77	1.0	1.2459e-77
4096	256	4096	1e-30	1.0e-30	9.999999999999999999461e-31	-5.39e-20	9.999999999999999e-31	-9.1826e-47
4096	256	4096	1e-300	1.0e-300	9.999999999999999999653e-301	-3.47e-20	9.999999999999999e-301	-1.4072e-316
4096	256	4096	256	255.0	255	-2.443e-80	255.0	-6.2297e-78
4096	256	4096	320	255.9999999999999999999218	256	3.055e-22	256.0	7.8209e-20
4096	256	4096	4095.999999999	256.0	256	1.1179e-579	256.0	2.8617e-577
4096	256	4096	4096	256.0	256	1.1179e-579	256.0	2.8617e-577
4096	256	8192	0.5	0.5	0.5	1.0322e-77	0.5	5.1608e-78
4096	256	8192	1	1.0	1	1.2459e-77	1.0	1.2459e-77
4096	256	8192	1e-30	1.0e-30	9.999999999999999999461e-31	-5.39e-20	9.999999999999999e-31	-9.1826e-47
4096	256	8192	1e-300	1.0e-300	9.999999999999999999653e-301	-3.47e-20	9.999999999999999e-301	-1.4072e-316
4096	256	8192	256	255.0	255	-2.443e-80	255.0	-6.2297e-78
4096	256	8192	320	255.9999999999999999999218	256	3.055e-22	256.0	7.8209e-20
4096	256	8192	4095.999999999	256.0	256	1.1179e-579	256.0	2.8617e-577
4096	256	8192	4096	256.0	256	1.1179e-579	256.0	2.8617e-577
4096	2048	1	0.5	0.2284466968363880273563876	0.228446696836388027355	-6.0742e-21	0.22844669683638802	-8.309e-18
4096	2048	1	1	0.4150374992788438185462611	0.415037499278843818553	1.6237e-20	0.4150374992788438	-5.2245e-18
4096	2048	1	1e-30	5.0e-31	4.99999999999999999973e-31	-5.4e-20	4.9999999999999995e-31	-4.5913e-47
4096	2048	1	1e-300	5.0e-301	4.999999999999999999826e-301	-3.48e-20	4.999999999999999e-301	-7.0361e-317
4096	2048	1	2048	1.0	1	4.4642e-617	1.0	4.4642e-617
4096	2048	1	2112	1.0	1	7.4334e-617	1.0	7.4334e-617
4096	2048	1	4095.999999999	1.0	1	7.4334e-617	1.0	7.4334e-617
4096	2048	1	4096	1.0	1	7.4334e-617	1.0	7.4334e-617
4096	2048	2048	0.5	0.5	0.5	3.6983e-617	0.5	1.8491e-617
4096	2048	2048	1	1.0	1	4.4642e-617	1.0	4.4642e-617
4096	2048	2048	1e-30	1.0e-30	9.999999999999999999461e-31	-5.39e-20	9.999999999999999e-31	-9.1826e-47
4096	2048	2048	1e-300	1.0e-300	9.999999999999999999653e-301	-3.47e-20	9.999999999999999e-301	-1.4072e-316
4096	2048	2048	2048	2047.0	2047	-1.0904e-620	2047.0	-2.2321e-617
4096	2048	2048	2112	2047.999999999999999999922	2048	3.8188e-23	2048.0	7.8209e-20
4096	2048	2048	4095.999999999	2048.0	2048	2.088e-310	2048.0	4.2761e-307
4096	2048	2048	4096	2048.0	2048	2.088e-310	2048.0	4.2761e-307
4096	2048	4096	0.5	0.5	0.5	3.6983e-617	0.5	1.8491e-617
4096	2048	4096	1	1.0	1	4.4642e-617	1.0	4.4642e-617
4096	2048	4096	1e-30	1.0e-30	9.999999999999999999461e-31	-5.39e-20	9.999999999999999e-31	-9.1826e-47
4096	2048	4096	1e-300	1.0e-300	9.999999999999999999653e-301	-3.47e-20	9.999999999999999e-301	-1.4072e-316
4096	2048	4096	2048	2047.0	2047	-1.0904e-620	2047.0	-2.2321e-617
4096	2048	4096	2112	2047.999999999999999999922	2048	3.8188e-23	2048.0	7.8209e-20
4096	2048	4096	4095.999999999	2048.0	2048	2.088e-310	2048.0	4.2761e-307
4096	2048	4096	4096	2048.0	2048	2.088e-310	2048.0	4.2761e-307
4096	2048	8192	0.5	0.5	0.5	3.6983e-617	0.5	1.8491e-617
4096	2048	8192	1	1.0	1	4.4642e-617	1.0	4.4642e-617
4096	2048	8192	1e-30	1.0e-30	9.999999999999999999461e-31	-5.39e-20	9.999999999999999e-31	-9.1826e-47
4096	2048	8192	1e-300	1.0e-300	9.999999999999999999653e-301	-3.47e-20	9.999999999999999e-301	-1.4072e-316
4096	2048	8192	2048	2047.0	2047	-1.0904e-620	2047.0	-2.2321e-617
4096	2048	8192	2112	2047.999999999999999999922	2048	3.8188e-23	2048.0	7.8209e-20
4096	2048	8192	4095.999999999	2048.0	2048	2.088e-310	2048.0	4.2761e-307
4096	2048	8192	4096	2048.0	2048	2.088e-310	2048.0	4.2761e-307
4096	4096	1	0.5	0.2284466968363880273563876	0.228446696836388027355	-6.0742e-21	0.22844669683638802	-8.309e-18
4096	4096	1	1	0.4150374992788438185462611	0.415037499278843818553	1.6237e-20	0.4150374992788438	-5.2245e-18
4096	4096	1	1e-30	5.0e-31	4.99999999999999999973e-31	-5.4e-20	4.9999999999999995e-31	-4.5913e-47
4096	4096	1	1e-300	5.0e-301	4.999999999999999999826e-301	-3.48e-20	4.999999999999999e-301	-7.0361e-317
4096	4096	1	4095.999999999	1.0	1	7.4334e-617	1.0	7.4334e-617
4096	4096	1	4096	1.0	1	7.4334e-617	1.0	7.4334e-617
4096	4096	4096	0.5	0.5	0.5	1.1444e-1233	0.5	5.7219e-1234
4096	4096	4096	1	1.0	1	1.3814e-1233	1.0	1.3814e-1233
4096	4096	4096	1e-30	1.0e-30	9.999999999999999999461e-31	-5.39e-20	9.999999999999999e-31	-9.1826e-47
4096	4096	4096	1e-300	1.0e-300	9.999999999999999999653e-301	-3.47e-20	9.999999999999999e-301	-1.4072e-316
4096	4096	4096	4095.999999999	4089.745363604856415006952	4089.745363604856414951	-1.3681e-20	4089.7453636048563	-1.4927e-13
4096	4096	4096	4096	4089.745363604856415006952	4089.745363604856414951	-1.3681e-20	4089.7453636048563	-1.4927e-13
4096	4096	8192	0.5	0.5	0.5	1.1444e-1233	0.5	5.7219e-1234
4096	4096	8192	1	1.0	1	1.3814e-1233	1.0	1.3814e-1233
4096	4096	8192	1e-30	1.0e-30	9.999999999999999999461e-31	-5.39e-20	9.999999999999999e-31	-9.1826e-47
4096	4096	8192	1e-300	1.0e-300	9.999999999999999999653e-301	-3.47e-20	9.999999999999999e-301	-1.4072e-316
4096	4096	8192	4095.999999999	4089.745363604856415006952	4089.745363604856414951	-1.3681e-20	4089.7453636048563	-1.4927e-13
4096	4096	8192	4096	4089.745363604856415006952	4089.745363604856414951	-1.3681e-20	4089.7453636048563	-1.4927e-13
4096	8192	1	0.5	0.2284466968363880273563876	0.228446696836388027355	-6.0742e-21	0.22844669683638802	-8.309e-18
4096	8192	1	1	0.4150374992788438185462611	0.415037499278843818553	1.6237e-20	0.4150374992788438	-5.2245e-18
4096	8192	1	1e-30	5.0e-31	4.99999999999999999973e-31	-5.4e-20	4.9999999999999995e-31	-4.5913e-47
4096	8192	1	1e-300	5.0e-301	4.999999999999999999826e-301	-3.48e-20	4.999999999999999e-301	-7.0361e-317
4096	8192	1	4095.999999999	1.0	1	7.4334e-617	1.0	7.4334e-617
4096	8192	1	4096	1.0	1	7.4334e-617	1.0	7.4334e-617
4096	8192	4096	0.5	0.5	0.5	1.1444e-1233	0.5	5.7219e-1234
4096	8192	4096	1	1.0	1	1.3814e-1233	1.0	1.3814e-1233
4096	8192	4096	1e-30	1.0e-30	9.999999999999999999461e-31	-5.39e-20	9.999999999999999e-31	-9.1826e-47
4096	8192	4096	1e-300	1.0e-300	9.999999999999999999653e-301	-3.47e-20	9.999999999999999e-301	-1.4072e-316
4096	8192	4096	4095.999999999	4089.745363604856415006952	4089.745363604856414951	-1.3681e-20	4089.7453636048563	-1.4927e-13
4096	8192	4096	4096	4089.745363604856415006952	4089.745363604856414951	-1.3681e-20	4089.7453636048563	-1.4927e-13
4096	8192	8192	0.5	0.5	0.5	1.1444e-1233	0.5	5.7219e-1234
4096	8192	8192	1	1.0	1	1.3814e-1233	1.0	1.3814e-1233
4096	8192	8192	1e-30	1.0e-30	9.999999999999999999461e-31	-5.39e-20	9.999999999999999e-31	-9.1826e-47
4096	8192	8192	1e-300	1.0e-300	9.999999999999999999653e-301	-3.47e-20	9.999999999999999e-301	-1.4072e-316
4096	8192	8192	4095.999999999	4089.745363604856415006952	4089.745363604856414951	-1.3681e-20	4089.7453636048563	-1.4927e-13
4096	8192	8192	4096	4089.745363604856415006952	4089.745363604856414951	-1.3681e-20	4089.7453636048563	-1.4927e-13
4096	8192	16384	0.5	0.5	0.5	1.1444e-1233	0.5	5.7219e-1234
4096	8192	16384	1	1.0	1	1.3814e-1233	1.0	1.3814e-1233
4096	8192	16384	1e-30	1.0e-30	9.999999999999999999461e-31	-5.39e-20	9.999999999999999e-31	-9.1826e-47
4096	8192	16384	1e-300	1.0e-300	9.999999999999999999653e-301	-3.47e-20	9.999999999999999e-301	-1.4072e-316
4096	8192	16384	4095.999999999	4089.745363604856415006952	4089.745363604856414951	-1.3681e-20	4089.7453636048563	-1.4927e-13
4096	8192	16384	4096	4089.745363604856415006952	4089.745363604856414951	-1.3681e-20	4089.7453636048563	-1.4927e-13
